ISO-10303-21;
HEADER;
/* Generated by software containing ST-Developer
 * from STEP Tools, Inc. (www.steptools.com) 
 */

FILE_DESCRIPTION(
/* description */ ('KiCad electronic assembly'),
/* implementation_level */ '2;1');

FILE_NAME(
/* name */ 'OpenSeasame_caseonly.step',
/* time_stamp */ '2025-11-26T22:20:45+05:30',
/* author */ (''),
/* organization */ (''),
/* preprocessor_version */ 'ST-DEVELOPER v20.1',
/* originating_system */ 'Autodesk Translation Framework v14.21.0.0',
/* authorisation */ '');

FILE_SCHEMA (('AUTOMOTIVE_DESIGN { 1 0 10303 214 3 1 1 }'));
ENDSEC;

DATA;
#10=MECHANICAL_DESIGN_GEOMETRIC_PRESENTATION_REPRESENTATION('',(#141,#142,
#143,#144,#145,#146,#147,#148),#2890);
#11=ITEM_DEFINED_TRANSFORMATION($,$,#1286,#1429);
#12=(
REPRESENTATION_RELATIONSHIP($,$,#2901,#2900)
REPRESENTATION_RELATIONSHIP_WITH_TRANSFORMATION(#11)
SHAPE_REPRESENTATION_RELATIONSHIP()
);
#13=CONTEXT_DEPENDENT_SHAPE_REPRESENTATION(#12,#2899);
#14=NEXT_ASSEMBLY_USAGE_OCCURRENCE('OpenSeasame_PCB:1',
'OpenSeasame_PCB:1','OpenSeasame_PCB:1',#2903,#2904,'OpenSeasame_PCB:1');
#15=SHAPE_REPRESENTATION_RELATIONSHIP('SRR','None',#2901,#17);
#16=SHAPE_REPRESENTATION_RELATIONSHIP('SRR','None',#2900,#18);
#17=ADVANCED_BREP_SHAPE_REPRESENTATION('',(#19,#20,#21),#2889);
#18=ADVANCED_BREP_SHAPE_REPRESENTATION('',(#22),#2888);
#19=MANIFOLD_SOLID_BREP('Body6',#137);
#20=MANIFOLD_SOLID_BREP('Body9',#138);
#21=MANIFOLD_SOLID_BREP('Body11',#139);
#22=MANIFOLD_SOLID_BREP('Body2',#140);
#23=TOROIDAL_SURFACE('',#1313,14.180193735623,3.);
#24=TOROIDAL_SURFACE('',#1317,45.999990990916,3.);
#25=TOROIDAL_SURFACE('',#1321,23.4999985,3.);
#26=TOROIDAL_SURFACE('',#1325,46.000009569541,3.);
#27=TOROIDAL_SURFACE('',#1412,24.9999985000005,2.25);
#28=TOROIDAL_SURFACE('',#1417,47.499990990918,2.25);
#29=TOROIDAL_SURFACE('',#1421,47.5000095695264,2.25);
#30=TOROIDAL_SURFACE('',#1425,15.680193735623,2.25);
#31=FACE_BOUND('',#224,.T.);
#32=FACE_BOUND('',#268,.T.);
#33=FACE_BOUND('',#271,.T.);
#34=FACE_BOUND('',#274,.T.);
#35=FACE_BOUND('',#286,.T.);
#36=FACE_BOUND('',#294,.T.);
#37=CIRCLE('',#1292,26.4999985);
#38=CIRCLE('',#1293,48.999990990916);
#39=CIRCLE('',#1294,17.180193735623);
#40=CIRCLE('',#1295,49.000009569541);
#41=CIRCLE('',#1296,46.000009569541);
#42=CIRCLE('',#1297,14.180193735623);
#43=CIRCLE('',#1298,45.999990990916);
#44=CIRCLE('',#1299,23.4999985);
#45=CIRCLE('',#1301,14.180193735623);
#46=CIRCLE('',#1303,46.000009569541);
#47=CIRCLE('',#1305,49.000009569541);
#48=CIRCLE('',#1307,17.180193735623);
#49=CIRCLE('',#1309,23.4999985);
#50=CIRCLE('',#1311,45.999990990916);
#51=CIRCLE('',#1314,3.);
#52=CIRCLE('',#1315,3.);
#53=CIRCLE('',#1316,14.180193735623);
#54=CIRCLE('',#1318,45.999990990916);
#55=CIRCLE('',#1319,48.999990990916);
#56=CIRCLE('',#1320,3.);
#57=CIRCLE('',#1322,26.4999985);
#58=CIRCLE('',#1323,3.);
#59=CIRCLE('',#1324,23.4999985);
#60=CIRCLE('',#1326,46.000009569541);
#61=CIRCLE('',#1333,23.4999985);
#62=CIRCLE('',#1334,26.4999985);
#63=CIRCLE('',#1336,26.4999985);
#64=CIRCLE('',#1337,23.4999985);
#65=CIRCLE('',#1339,23.4999985);
#66=CIRCLE('',#1340,23.4999985);
#67=CIRCLE('',#1341,23.4999985);
#68=CIRCLE('',#1342,23.4999985);
#69=CIRCLE('',#1345,26.4999985);
#70=CIRCLE('',#1349,26.4999985);
#71=CIRCLE('',#1358,26.4999985);
#72=CIRCLE('',#1363,26.4999985);
#73=CIRCLE('',#1367,49.000009569541);
#74=CIRCLE('',#1368,49.0000095695264);
#75=CIRCLE('',#1370,17.180193735623);
#76=CIRCLE('',#1371,17.180193735623);
#77=CIRCLE('',#1373,14.180193735623);
#78=CIRCLE('',#1374,14.180193735623);
#79=CIRCLE('',#1376,46.000009569541);
#80=CIRCLE('',#1377,46.0000095695264);
#81=CIRCLE('',#1379,26.4999985000009);
#82=CIRCLE('',#1380,48.99999099092);
#83=CIRCLE('',#1381,23.4999985);
#84=CIRCLE('',#1382,45.999990990916);
#85=CIRCLE('',#1384,48.999990990916);
#86=CIRCLE('',#1386,23.4999985);
#87=CIRCLE('',#1387,23.4999985);
#88=CIRCLE('',#1388,23.4999985);
#89=CIRCLE('',#1389,23.4999985);
#90=CIRCLE('',#1390,23.4999985);
#91=CIRCLE('',#1392,45.999990990916);
#92=CIRCLE('',#1394,26.4999985);
#93=CIRCLE('',#1397,26.4999985);
#94=CIRCLE('',#1401,26.4999985);
#95=CIRCLE('',#1407,26.4999985);
#96=CIRCLE('',#1409,26.4999985);
#97=CIRCLE('',#1413,2.24999999999941);
#98=CIRCLE('',#1414,23.4999985);
#99=CIRCLE('',#1415,2.250000000009);
#100=CIRCLE('',#1416,26.4999985000009);
#101=CIRCLE('',#1418,2.25);
#102=CIRCLE('',#1419,45.999990990916);
#103=CIRCLE('',#1420,48.99999099092);
#104=CIRCLE('',#1422,2.25);
#105=CIRCLE('',#1423,49.0000095695264);
#106=CIRCLE('',#1424,46.0000095695264);
#107=CIRCLE('',#1426,14.180193735623);
#108=CIRCLE('',#1427,17.180193735623);
#109=PLANE('',#1291);
#110=PLANE('',#1312);
#111=PLANE('',#1327);
#112=PLANE('',#1330);
#113=PLANE('',#1331);
#114=PLANE('',#1332);
#115=PLANE('',#1335);
#116=PLANE('',#1343);
#117=PLANE('',#1344);
#118=PLANE('',#1348);
#119=PLANE('',#1352);
#120=PLANE('',#1353);
#121=PLANE('',#1355);
#122=PLANE('',#1357);
#123=PLANE('',#1360);
#124=PLANE('',#1362);
#125=PLANE('',#1364);
#126=PLANE('',#1378);
#127=PLANE('',#1393);
#128=PLANE('',#1395);
#129=PLANE('',#1396);
#130=PLANE('',#1400);
#131=PLANE('',#1404);
#132=PLANE('',#1405);
#133=PLANE('',#1406);
#134=PLANE('',#1410);
#135=PLANE('',#1411);
#136=PLANE('',#1428);
#137=CLOSED_SHELL('',(#1199,#1200,#1201,#1202,#1203,#1204,#1205,#1206,#1207,
#1208,#1209,#1210,#1211,#1212,#1213));
#138=CLOSED_SHELL('',(#1214,#1215,#1216,#1217,#1218,#1219,#1220,#1221,#1222,
#1223,#1224,#1225,#1226,#1227,#1228,#1229,#1230,#1231,#1232,#1233,#1234,
#1235,#1236,#1237));
#139=CLOSED_SHELL('',(#1238,#1239,#1240,#1241,#1242,#1243,#1244,#1245,#1246,
#1247,#1248,#1249,#1250,#1251,#1252,#1253,#1254,#1255,#1256,#1257,#1258,
#1259));
#140=CLOSED_SHELL('',(#1260,#1261,#1262,#1263,#1264));
#141=STYLED_ITEM('',(#2916),#1269);
#142=STYLED_ITEM('',(#2916),#1270);
#143=STYLED_ITEM('',(#2916),#1271);
#144=STYLED_ITEM('',(#2916),#1272);
#145=STYLED_ITEM('',(#2916),#19);
#146=STYLED_ITEM('',(#2916),#20);
#147=STYLED_ITEM('',(#2916),#21);
#148=STYLED_ITEM('',(#2915),#22);
#149=FACE_OUTER_BOUND('',#219,.T.);
#150=FACE_OUTER_BOUND('',#220,.T.);
#151=FACE_OUTER_BOUND('',#221,.T.);
#152=FACE_OUTER_BOUND('',#222,.T.);
#153=FACE_OUTER_BOUND('',#223,.T.);
#154=FACE_OUTER_BOUND('',#225,.T.);
#155=FACE_OUTER_BOUND('',#226,.T.);
#156=FACE_OUTER_BOUND('',#227,.T.);
#157=FACE_OUTER_BOUND('',#228,.T.);
#158=FACE_OUTER_BOUND('',#229,.T.);
#159=FACE_OUTER_BOUND('',#230,.T.);
#160=FACE_OUTER_BOUND('',#231,.T.);
#161=FACE_OUTER_BOUND('',#232,.T.);
#162=FACE_OUTER_BOUND('',#233,.T.);
#163=FACE_OUTER_BOUND('',#234,.T.);
#164=FACE_OUTER_BOUND('',#235,.T.);
#165=FACE_OUTER_BOUND('',#236,.T.);
#166=FACE_OUTER_BOUND('',#237,.T.);
#167=FACE_OUTER_BOUND('',#238,.T.);
#168=FACE_OUTER_BOUND('',#239,.T.);
#169=FACE_OUTER_BOUND('',#240,.T.);
#170=FACE_OUTER_BOUND('',#241,.T.);
#171=FACE_OUTER_BOUND('',#242,.T.);
#172=FACE_OUTER_BOUND('',#243,.T.);
#173=FACE_OUTER_BOUND('',#244,.T.);
#174=FACE_OUTER_BOUND('',#245,.T.);
#175=FACE_OUTER_BOUND('',#246,.T.);
#176=FACE_OUTER_BOUND('',#247,.T.);
#177=FACE_OUTER_BOUND('',#248,.T.);
#178=FACE_OUTER_BOUND('',#249,.T.);
#179=FACE_OUTER_BOUND('',#250,.T.);
#180=FACE_OUTER_BOUND('',#251,.T.);
#181=FACE_OUTER_BOUND('',#252,.T.);
#182=FACE_OUTER_BOUND('',#253,.T.);
#183=FACE_OUTER_BOUND('',#254,.T.);
#184=FACE_OUTER_BOUND('',#255,.T.);
#185=FACE_OUTER_BOUND('',#256,.T.);
#186=FACE_OUTER_BOUND('',#257,.T.);
#187=FACE_OUTER_BOUND('',#258,.T.);
#188=FACE_OUTER_BOUND('',#259,.T.);
#189=FACE_OUTER_BOUND('',#260,.T.);
#190=FACE_OUTER_BOUND('',#261,.T.);
#191=FACE_OUTER_BOUND('',#262,.T.);
#192=FACE_OUTER_BOUND('',#263,.T.);
#193=FACE_OUTER_BOUND('',#264,.T.);
#194=FACE_OUTER_BOUND('',#265,.T.);
#195=FACE_OUTER_BOUND('',#266,.T.);
#196=FACE_OUTER_BOUND('',#267,.T.);
#197=FACE_OUTER_BOUND('',#269,.T.);
#198=FACE_OUTER_BOUND('',#270,.T.);
#199=FACE_OUTER_BOUND('',#272,.T.);
#200=FACE_OUTER_BOUND('',#273,.T.);
#201=FACE_OUTER_BOUND('',#275,.T.);
#202=FACE_OUTER_BOUND('',#276,.T.);
#203=FACE_OUTER_BOUND('',#277,.T.);
#204=FACE_OUTER_BOUND('',#278,.T.);
#205=FACE_OUTER_BOUND('',#279,.T.);
#206=FACE_OUTER_BOUND('',#280,.T.);
#207=FACE_OUTER_BOUND('',#281,.T.);
#208=FACE_OUTER_BOUND('',#282,.T.);
#209=FACE_OUTER_BOUND('',#283,.T.);
#210=FACE_OUTER_BOUND('',#284,.T.);
#211=FACE_OUTER_BOUND('',#285,.T.);
#212=FACE_OUTER_BOUND('',#287,.T.);
#213=FACE_OUTER_BOUND('',#288,.T.);
#214=FACE_OUTER_BOUND('',#289,.T.);
#215=FACE_OUTER_BOUND('',#290,.T.);
#216=FACE_OUTER_BOUND('',#291,.T.);
#217=FACE_OUTER_BOUND('',#292,.T.);
#218=FACE_OUTER_BOUND('',#293,.T.);
#219=EDGE_LOOP('',(#805,#806,#807,#808));
#220=EDGE_LOOP('',(#809,#810,#811,#812));
#221=EDGE_LOOP('',(#813,#814,#815,#816));
#222=EDGE_LOOP('',(#817,#818,#819,#820));
#223=EDGE_LOOP('',(#821,#822,#823,#824));
#224=EDGE_LOOP('',(#825,#826,#827,#828));
#225=EDGE_LOOP('',(#829,#830,#831,#832));
#226=EDGE_LOOP('',(#833,#834,#835,#836));
#227=EDGE_LOOP('',(#837,#838,#839,#840));
#228=EDGE_LOOP('',(#841,#842,#843,#844));
#229=EDGE_LOOP('',(#845,#846,#847,#848));
#230=EDGE_LOOP('',(#849,#850,#851,#852));
#231=EDGE_LOOP('',(#853,#854,#855,#856));
#232=EDGE_LOOP('',(#857,#858,#859,#860));
#233=EDGE_LOOP('',(#861,#862,#863,#864));
#234=EDGE_LOOP('',(#865,#866,#867,#868));
#235=EDGE_LOOP('',(#869,#870,#871,#872));
#236=EDGE_LOOP('',(#873,#874,#875,#876));
#237=EDGE_LOOP('',(#877,#878,#879,#880));
#238=EDGE_LOOP('',(#881,#882,#883,#884));
#239=EDGE_LOOP('',(#885,#886,#887,#888));
#240=EDGE_LOOP('',(#889,#890,#891,#892));
#241=EDGE_LOOP('',(#893,#894,#895,#896));
#242=EDGE_LOOP('',(#897,#898,#899,#900));
#243=EDGE_LOOP('',(#901,#902,#903,#904,#905,#906,#907,#908,#909,#910,#911,
#912,#913,#914,#915,#916,#917,#918,#919,#920,#921,#922));
#244=EDGE_LOOP('',(#923,#924,#925,#926));
#245=EDGE_LOOP('',(#927,#928,#929,#930));
#246=EDGE_LOOP('',(#931,#932,#933,#934));
#247=EDGE_LOOP('',(#935,#936,#937,#938));
#248=EDGE_LOOP('',(#939,#940,#941,#942));
#249=EDGE_LOOP('',(#943,#944,#945,#946));
#250=EDGE_LOOP('',(#947,#948,#949,#950));
#251=EDGE_LOOP('',(#951,#952,#953,#954));
#252=EDGE_LOOP('',(#955,#956,#957,#958));
#253=EDGE_LOOP('',(#959,#960,#961,#962));
#254=EDGE_LOOP('',(#963,#964,#965,#966));
#255=EDGE_LOOP('',(#967,#968,#969,#970));
#256=EDGE_LOOP('',(#971,#972,#973,#974));
#257=EDGE_LOOP('',(#975,#976,#977,#978));
#258=EDGE_LOOP('',(#979,#980,#981,#982));
#259=EDGE_LOOP('',(#983,#984,#985,#986));
#260=EDGE_LOOP('',(#987,#988,#989,#990));
#261=EDGE_LOOP('',(#991,#992,#993,#994));
#262=EDGE_LOOP('',(#995,#996,#997,#998,#999,#1000,#1001,#1002,#1003,#1004,
#1005,#1006,#1007,#1008,#1009,#1010,#1011,#1012,#1013,#1014,#1015,#1016));
#263=EDGE_LOOP('',(#1017,#1018,#1019,#1020));
#264=EDGE_LOOP('',(#1021,#1022,#1023,#1024));
#265=EDGE_LOOP('',(#1025,#1026,#1027,#1028));
#266=EDGE_LOOP('',(#1029,#1030,#1031,#1032));
#267=EDGE_LOOP('',(#1033,#1034,#1035,#1036));
#268=EDGE_LOOP('',(#1037,#1038,#1039,#1040));
#269=EDGE_LOOP('',(#1041,#1042,#1043,#1044));
#270=EDGE_LOOP('',(#1045,#1046,#1047,#1048));
#271=EDGE_LOOP('',(#1049,#1050,#1051,#1052,#1053,#1054,#1055,#1056,#1057,
#1058,#1059,#1060));
#272=EDGE_LOOP('',(#1061,#1062,#1063,#1064));
#273=EDGE_LOOP('',(#1065,#1066,#1067,#1068));
#274=EDGE_LOOP('',(#1069,#1070,#1071,#1072));
#275=EDGE_LOOP('',(#1073,#1074,#1075,#1076));
#276=EDGE_LOOP('',(#1077,#1078,#1079,#1080));
#277=EDGE_LOOP('',(#1081,#1082,#1083,#1084));
#278=EDGE_LOOP('',(#1085,#1086,#1087,#1088));
#279=EDGE_LOOP('',(#1089,#1090,#1091,#1092));
#280=EDGE_LOOP('',(#1093,#1094,#1095,#1096));
#281=EDGE_LOOP('',(#1097,#1098,#1099,#1100));
#282=EDGE_LOOP('',(#1101,#1102,#1103,#1104));
#283=EDGE_LOOP('',(#1105,#1106,#1107,#1108));
#284=EDGE_LOOP('',(#1109,#1110,#1111,#1112));
#285=EDGE_LOOP('',(#1113,#1114,#1115,#1116));
#286=EDGE_LOOP('',(#1117,#1118,#1119,#1120,#1121,#1122,#1123,#1124,#1125,
#1126,#1127,#1128));
#287=EDGE_LOOP('',(#1129,#1130,#1131,#1132));
#288=EDGE_LOOP('',(#1133,#1134,#1135,#1136));
#289=EDGE_LOOP('',(#1137,#1138,#1139,#1140));
#290=EDGE_LOOP('',(#1141,#1142,#1143,#1144));
#291=EDGE_LOOP('',(#1145,#1146,#1147,#1148));
#292=EDGE_LOOP('',(#1149,#1150,#1151,#1152));
#293=EDGE_LOOP('',(#1153,#1154,#1155,#1156));
#294=EDGE_LOOP('',(#1157,#1158,#1159,#1160));
#295=LINE('',#1869,#377);
#296=LINE('',#1932,#378);
#297=LINE('',#1998,#379);
#298=LINE('',#2061,#380);
#299=LINE('',#2127,#381);
#300=LINE('',#2190,#382);
#301=LINE('',#2256,#383);
#302=LINE('',#2319,#384);
#303=LINE('',#2339,#385);
#304=LINE('',#2342,#386);
#305=LINE('',#2345,#387);
#306=LINE('',#2349,#388);
#307=LINE('',#2352,#389);
#308=LINE('',#2355,#390);
#309=LINE('',#2359,#391);
#310=LINE('',#2385,#392);
#311=LINE('',#2390,#393);
#312=LINE('',#2392,#394);
#313=LINE('',#2394,#395);
#314=LINE('',#2395,#396);
#315=LINE('',#2399,#397);
#316=LINE('',#2401,#398);
#317=LINE('',#2403,#399);
#318=LINE('',#2404,#400);
#319=LINE('',#2409,#401);
#320=LINE('',#2415,#402);
#321=LINE('',#2419,#403);
#322=LINE('',#2434,#404);
#323=LINE('',#2460,#405);
#324=LINE('',#2474,#406);
#325=LINE('',#2487,#407);
#326=LINE('',#2513,#408);
#327=LINE('',#2526,#409);
#328=LINE('',#2527,#410);
#329=LINE('',#2531,#411);
#330=LINE('',#2544,#412);
#331=LINE('',#2558,#413);
#332=LINE('',#2559,#414);
#333=LINE('',#2563,#415);
#334=LINE('',#2576,#416);
#335=LINE('',#2590,#417);
#336=LINE('',#2591,#418);
#337=LINE('',#2593,#419);
#338=LINE('',#2595,#420);
#339=LINE('',#2608,#421);
#340=LINE('',#2611,#422);
#341=LINE('',#2612,#423);
#342=LINE('',#2625,#424);
#343=LINE('',#2629,#425);
#344=LINE('',#2642,#426);
#345=LINE('',#2645,#427);
#346=LINE('',#2646,#428);
#347=LINE('',#2661,#429);
#348=LINE('',#2663,#430);
#349=LINE('',#2670,#431);
#350=LINE('',#2673,#432);
#351=LINE('',#2679,#433);
#352=LINE('',#2685,#434);
#353=LINE('',#2688,#435);
#354=LINE('',#2694,#436);
#355=LINE('',#2705,#437);
#356=LINE('',#2709,#438);
#357=LINE('',#2723,#439);
#358=LINE('',#2749,#440);
#359=LINE('',#2764,#441);
#360=LINE('',#2768,#442);
#361=LINE('',#2776,#443);
#362=LINE('',#2778,#444);
#363=LINE('',#2779,#445);
#364=LINE('',#2783,#446);
#365=LINE('',#2786,#447);
#366=LINE('',#2810,#448);
#367=LINE('',#2811,#449);
#368=LINE('',#2815,#450);
#369=LINE('',#2828,#451);
#370=LINE('',#2842,#452);
#371=LINE('',#2843,#453);
#372=LINE('',#2845,#454);
#373=LINE('',#2847,#455);
#374=LINE('',#2851,#456);
#375=LINE('',#2855,#457);
#376=LINE('',#2857,#458);
#377=VECTOR('',#1436,10.);
#378=VECTOR('',#1437,10.);
#379=VECTOR('',#1440,10.);
#380=VECTOR('',#1441,10.);
#381=VECTOR('',#1444,10.);
#382=VECTOR('',#1445,10.);
#383=VECTOR('',#1448,10.);
#384=VECTOR('',#1449,10.);
#385=VECTOR('',#1470,10.);
#386=VECTOR('',#1473,10.);
#387=VECTOR('',#1476,10.);
#388=VECTOR('',#1481,10.);
#389=VECTOR('',#1484,10.);
#390=VECTOR('',#1487,10.);
#391=VECTOR('',#1492,10.);
#392=VECTOR('',#1533,10.);
#393=VECTOR('',#1538,10.);
#394=VECTOR('',#1539,10.);
#395=VECTOR('',#1540,10.);
#396=VECTOR('',#1541,10.);
#397=VECTOR('',#1544,10.);
#398=VECTOR('',#1545,10.);
#399=VECTOR('',#1546,10.);
#400=VECTOR('',#1547,10.);
#401=VECTOR('',#1552,10.);
#402=VECTOR('',#1559,10.);
#403=VECTOR('',#1564,10.);
#404=VECTOR('',#1567,10.);
#405=VECTOR('',#1570,10.);
#406=VECTOR('',#1573,10.);
#407=VECTOR('',#1574,10.);
#408=VECTOR('',#1577,10.);
#409=VECTOR('',#1580,10.);
#410=VECTOR('',#1581,10.);
#411=VECTOR('',#1586,10.);
#412=VECTOR('',#1589,10.);
#413=VECTOR('',#1592,10.);
#414=VECTOR('',#1593,10.);
#415=VECTOR('',#1598,10.);
#416=VECTOR('',#1601,10.);
#417=VECTOR('',#1604,1.);
#418=VECTOR('',#1605,1.);
#419=VECTOR('',#1608,10.);
#420=VECTOR('',#1611,10.);
#421=VECTOR('',#1614,10.);
#422=VECTOR('',#1617,10.);
#423=VECTOR('',#1618,10.);
#424=VECTOR('',#1621,10.);
#425=VECTOR('',#1626,10.);
#426=VECTOR('',#1629,10.);
#427=VECTOR('',#1632,10.);
#428=VECTOR('',#1633,10.);
#429=VECTOR('',#1640,1.);
#430=VECTOR('',#1643,10.);
#431=VECTOR('',#1650,10.);
#432=VECTOR('',#1653,10.);
#433=VECTOR('',#1660,10.);
#434=VECTOR('',#1665,10.);
#435=VECTOR('',#1668,10.);
#436=VECTOR('',#1675,46.000009569541);
#437=VECTOR('',#1690,10.);
#438=VECTOR('',#1695,45.999990990916);
#439=VECTOR('',#1696,10.);
#440=VECTOR('',#1699,10.);
#441=VECTOR('',#1702,10.);
#442=VECTOR('',#1705,10.);
#443=VECTOR('',#1718,10.);
#444=VECTOR('',#1719,10.);
#445=VECTOR('',#1720,10.);
#446=VECTOR('',#1725,10.);
#447=VECTOR('',#1728,10.);
#448=VECTOR('',#1731,10.);
#449=VECTOR('',#1732,10.);
#450=VECTOR('',#1737,10.);
#451=VECTOR('',#1740,10.);
#452=VECTOR('',#1743,1.);
#453=VECTOR('',#1744,1.);
#454=VECTOR('',#1747,10.);
#455=VECTOR('',#1750,10.);
#456=VECTOR('',#1755,1.);
#457=VECTOR('',#1760,10.);
#458=VECTOR('',#1763,10.);
#459=B_SPLINE_CURVE_WITH_KNOTS('',3,(#1807,#1808,#1809,#1810,#1811,#1812,
#1813,#1814,#1815,#1816,#1817,#1818,#1819,#1820,#1821,#1822,#1823,#1824,
#1825,#1826,#1827,#1828,#1829,#1830,#1831,#1832,#1833,#1834,#1835,#1836,
#1837,#1838,#1839,#1840,#1841,#1842,#1843,#1844,#1845,#1846,#1847,#1848,
#1849,#1850,#1851,#1852,#1853,#1854,#1855,#1856,#1857,#1858,#1859,#1860,
#1861,#1862,#1863,#1864,#1865,#1866,#1867),.UNSPECIFIED.,.F.,.F.,(4,3,3,
3,3,3,3,3,3,3,3,3,3,3,3,3,3,3,3,3,4),(0.,0.00951911321871914,0.0189595006515258,
0.0283675171367651,0.0377574022249325,0.0416135215332773,0.0510046267338116,
0.0604298923146302,0.0698853422656082,0.079419800715319,0.0832270430665546,
0.0929478862993476,0.102591818696062,0.112203533149623,0.121796482910746,
0.125529495037686,0.135104335824869,0.144709584585755,0.154341913024847,
0.164046807776765,0.167831947008818),.UNSPECIFIED.);
#460=B_SPLINE_CURVE_WITH_KNOTS('',3,(#1871,#1872,#1873,#1874,#1875,#1876,
#1877,#1878,#1879,#1880,#1881,#1882,#1883,#1884,#1885,#1886,#1887,#1888,
#1889,#1890,#1891,#1892,#1893,#1894,#1895,#1896,#1897,#1898,#1899,#1900,
#1901,#1902,#1903,#1904,#1905,#1906,#1907,#1908,#1909,#1910,#1911,#1912,
#1913,#1914,#1915,#1916,#1917,#1918,#1919,#1920,#1921,#1922,#1923,#1924,
#1925,#1926,#1927,#1928,#1929,#1930,#1931),.UNSPECIFIED.,.F.,.F.,(4,3,3,
3,3,3,3,3,3,3,3,3,3,3,3,3,3,3,3,3,4),(0.167575407728736,0.177340331036884,
0.187023755233248,0.196672814728692,0.206300447653449,0.21006803892946,
0.219712662573187,0.229384164658251,0.239080226821184,0.248843910900538,
0.252560670130184,0.262109897334188,0.271567567462833,0.280986889864445,
0.29038049426404,0.294171853398912,0.303556166212965,0.312966007134207,
0.322400475014989,0.331904397019958,0.33578303666764),.UNSPECIFIED.);
#461=B_SPLINE_CURVE_WITH_KNOTS('',3,(#1936,#1937,#1938,#1939,#1940,#1941,
#1942,#1943,#1944,#1945,#1946,#1947,#1948,#1949,#1950,#1951,#1952,#1953,
#1954,#1955,#1956,#1957,#1958,#1959,#1960,#1961,#1962,#1963,#1964,#1965,
#1966,#1967,#1968,#1969,#1970,#1971,#1972,#1973,#1974,#1975,#1976,#1977,
#1978,#1979,#1980,#1981,#1982,#1983,#1984,#1985,#1986,#1987,#1988,#1989,
#1990,#1991,#1992,#1993,#1994,#1995,#1996),.UNSPECIFIED.,.F.,.F.,(4,3,3,
3,3,3,3,3,3,3,3,3,3,3,3,3,3,3,3,3,4),(0.166670647235967,0.176263252269634,
0.185774992882536,0.195252948922642,0.204710397643643,0.208500128140798,
0.217961207214304,0.227451545304168,0.236968357455074,0.246556790159869,
0.25032960904563,0.259873564858024,0.26933340461393,0.278758112935316,0.288160790657658,
0.291957176057042,0.301353556428908,0.310778396718186,0.320229439975768,
0.329752145869555,0.333584743068454),.UNSPECIFIED.);
#462=B_SPLINE_CURVE_WITH_KNOTS('',3,(#2000,#2001,#2002,#2003,#2004,#2005,
#2006,#2007,#2008,#2009,#2010,#2011,#2012,#2013,#2014,#2015,#2016,#2017,
#2018,#2019,#2020,#2021,#2022,#2023,#2024,#2025,#2026,#2027,#2028,#2029,
#2030,#2031,#2032,#2033,#2034,#2035,#2036,#2037,#2038,#2039,#2040,#2041,
#2042,#2043,#2044,#2045,#2046,#2047,#2048,#2049,#2050,#2051,#2052,#2053,
#2054,#2055,#2056,#2057,#2058,#2059,#2060),.UNSPECIFIED.,.F.,.F.,(4,3,3,
3,3,3,3,3,3,3,3,3,3,3,3,3,3,3,3,3,4),(0.,0.00953193411485259,0.018983631129574,
0.0284020670665979,0.0378009450226785,0.0416286636741518,0.0510283983990874,
0.0604596582022043,0.0699191476755223,0.0794538401307989,0.0832573273483037,
0.0928727367914499,0.102407987999806,0.111909696955262,0.121391100266213,
0.125143206430905,0.134612881326648,0.144111855241248,0.153637341169309,
0.163234605804424,0.167029085513505),.UNSPECIFIED.);
#463=B_SPLINE_CURVE_WITH_KNOTS('',3,(#2065,#2066,#2067,#2068,#2069,#2070,
#2071,#2072,#2073,#2074,#2075,#2076,#2077,#2078,#2079,#2080,#2081,#2082,
#2083,#2084,#2085,#2086,#2087,#2088,#2089,#2090,#2091,#2092,#2093,#2094,
#2095,#2096,#2097,#2098,#2099,#2100,#2101,#2102,#2103,#2104,#2105,#2106,
#2107,#2108,#2109,#2110,#2111,#2112,#2113,#2114,#2115,#2116,#2117,#2118,
#2119,#2120,#2121,#2122,#2123,#2124,#2125),.UNSPECIFIED.,.F.,.F.,(4,3,3,
3,3,3,3,3,3,3,3,3,3,3,3,3,3,3,3,3,4),(-0.167832228130336,-0.158139778686925,
-0.148529604340303,-0.138953963883049,-0.129399771680643,-0.125706935919,
-0.116141020470535,-0.106547400663054,-0.0969283786152096,-0.0872400595028726,
-0.0835816437076647,-0.0740132832889029,-0.0645335789515021,-0.0550910434867967,
-0.0456729768671749,-0.0417908218538324,-0.0323801028400874,-0.0229431931332264,
-0.0134815132338054,-0.00395026483666997,0.),.UNSPECIFIED.);
#464=B_SPLINE_CURVE_WITH_KNOTS('',3,(#2129,#2130,#2131,#2132,#2133,#2134,
#2135,#2136,#2137,#2138,#2139,#2140,#2141,#2142,#2143,#2144,#2145,#2146,
#2147,#2148,#2149,#2150,#2151,#2152,#2153,#2154,#2155,#2156,#2157,#2158,
#2159,#2160,#2161,#2162,#2163,#2164,#2165,#2166,#2167,#2168,#2169,#2170,
#2171,#2172,#2173,#2174,#2175,#2176,#2177,#2178,#2179,#2180,#2181,#2182,
#2183,#2184,#2185,#2186,#2187,#2188,#2189),.UNSPECIFIED.,.F.,.F.,(4,3,3,
3,3,3,3,3,3,3,3,3,3,3,3,3,3,3,3,3,4),(0.33578303666764,0.345326195872921,
0.354792418952409,0.364227050449337,0.373644518983152,0.377621299751522,
0.387040954049109,0.396495771246258,0.40598128296069,0.415546904890384,
0.419459562835404,0.429202787152648,0.438869404485766,0.44850397979926,
0.458120088628162,0.461725346474979,0.471319197679618,0.480943950449148,
0.490596270567538,0.500321852038925,0.503991130114554),.UNSPECIFIED.);
#465=B_SPLINE_CURVE_WITH_KNOTS('',3,(#2194,#2195,#2196,#2197,#2198,#2199,
#2200,#2201,#2202,#2203,#2204,#2205,#2206,#2207,#2208,#2209,#2210,#2211,
#2212,#2213,#2214,#2215,#2216,#2217,#2218,#2219,#2220,#2221,#2222,#2223,
#2224,#2225,#2226,#2227,#2228,#2229,#2230,#2231,#2232,#2233,#2234,#2235,
#2236,#2237,#2238,#2239,#2240,#2241,#2242,#2243,#2244,#2245,#2246,#2247,
#2248,#2249,#2250,#2251,#2252,#2253,#2254),.UNSPECIFIED.,.F.,.F.,(4,3,3,
3,3,3,3,3,3,3,3,3,3,3,3,3,3,3,3,3,4),(0.333584743068454,0.343124884932694,
0.352584715274204,0.362011189438288,0.371417900165953,0.3752670454212,0.384673667460155,
0.394111323589421,0.4035768009179,0.413116739343637,0.416949347773946,0.426541038049747,
0.436052023269573,0.445529286164612,0.454986096937501,0.458724107952165,
0.468171141918755,0.477647607861402,0.487150760002269,0.496726038790581,
0.500498868130384),.UNSPECIFIED.);
#466=B_SPLINE_CURVE_WITH_KNOTS('',3,(#2258,#2259,#2260,#2261,#2262,#2263,
#2264,#2265,#2266,#2267,#2268,#2269,#2270,#2271,#2272,#2273,#2274,#2275,
#2276,#2277,#2278,#2279,#2280,#2281,#2282,#2283,#2284,#2285,#2286,#2287,
#2288,#2289,#2290,#2291,#2292,#2293,#2294,#2295,#2296,#2297,#2298,#2299,
#2300,#2301,#2302,#2303,#2304,#2305,#2306,#2307,#2308,#2309,#2310,#2311,
#2312,#2313,#2314,#2315,#2316,#2317,#2318),.UNSPECIFIED.,.F.,.F.,(4,3,3,
3,3,3,3,3,3,3,3,3,3,3,3,3,3,3,3,3,4),(-0.167029133199141,-0.157430456928746,
-0.147912720033779,-0.138428788918015,-0.128965361582214,-0.125212995443092,
-0.115744030468719,-0.106245798016883,-0.0967210501574196,-0.0871247104120889,
-0.0833968576870432,-0.0738423587203682,-0.0643723693936036,-0.054937719740687,
-0.0455253894701651,-0.0416984288435216,-0.032293276021473,-0.0228600642656271,
-0.0134009568587885,-0.00387066468622238,0.),.UNSPECIFIED.);
#467=B_SPLINE_CURVE_WITH_KNOTS('',3,(#2423,#2424,#2425,#2426,#2427,#2428,
#2429,#2430,#2431,#2432),.UNSPECIFIED.,.F.,.F.,(4,2,2,2,4),(0.395066746592319,
0.44430503569753,0.493543324802742,0.543290952774495,0.593038580746248),
 .UNSPECIFIED.);
#468=B_SPLINE_CURVE_WITH_KNOTS('',3,(#2436,#2437,#2438,#2439,#2440,#2441,
#2442,#2443,#2444,#2445),.UNSPECIFIED.,.F.,.F.,(4,2,2,2,4),(0.197095587848739,
0.246843215820492,0.296590843792244,0.345829132897456,0.395067422002668),
 .UNSPECIFIED.);
#469=B_SPLINE_CURVE_WITH_KNOTS('',3,(#2449,#2450,#2451,#2452,#2453,#2454,
#2455,#2456,#2457,#2458),.UNSPECIFIED.,.F.,.F.,(4,2,2,2,4),(0.392668985126891,
0.44173555718297,0.490802129239048,0.540010401893673,0.589218674548298),
 .UNSPECIFIED.);
#470=B_SPLINE_CURVE_WITH_KNOTS('',3,(#2462,#2463,#2464,#2465,#2466,#2467,
#2468,#2469,#2470,#2471),.UNSPECIFIED.,.F.,.F.,(4,2,2,2,4),(0.196119359579407,
0.245414675992419,0.294709992405431,0.34368948814464,0.392668983883849),
 .UNSPECIFIED.);
#471=B_SPLINE_CURVE_WITH_KNOTS('',3,(#2476,#2477,#2478,#2479,#2480,#2481,
#2482,#2483,#2484,#2485),.UNSPECIFIED.,.F.,.F.,(4,2,2,2,4),(-0.66749509803948,
-0.625796669195959,-0.584098240352437,-0.542282102596387,-0.500465964840337),
 .UNSPECIFIED.);
#472=B_SPLINE_CURVE_WITH_KNOTS('',3,(#2489,#2490,#2491,#2492,#2493,#2494,
#2495,#2496,#2497,#2498),.UNSPECIFIED.,.F.,.F.,(4,2,2,2,4),(-0.167029133199143,
-0.125212995443093,-0.0833968576870439,-0.041698428843522,-2.77555756156289E-17),
 .UNSPECIFIED.);
#473=B_SPLINE_CURVE_WITH_KNOTS('',3,(#2502,#2503,#2504,#2505,#2506,#2507,
#2508,#2509,#2510,#2511),.UNSPECIFIED.,.F.,.F.,(4,2,2,2,4),(-0.335783579107102,
-0.293945316023222,-0.252107052939343,-0.209841269299769,-0.167575485660196),
 .UNSPECIFIED.);
#474=B_SPLINE_CURVE_WITH_KNOTS('',3,(#2514,#2515,#2516,#2517,#2518,#2519,
#2520,#2521,#2522,#2523),.UNSPECIFIED.,.F.,.F.,(4,2,2,2,4),(-0.503991130114548,
-0.461725346474974,-0.4194595628354,-0.37762129975152,-0.33578303666764),
 .UNSPECIFIED.);
#475=B_SPLINE_CURVE_WITH_KNOTS('',3,(#2534,#2535,#2536,#2537,#2538,#2539,
#2540,#2541,#2542,#2543),.UNSPECIFIED.,.F.,.F.,(4,2,2,2,4),(0.591173251862898,
0.640966728429777,0.690760204996656,0.7397222879468,0.788684370896943),
 .UNSPECIFIED.);
#476=B_SPLINE_CURVE_WITH_KNOTS('',3,(#2548,#2549,#2550,#2551,#2552,#2553,
#2554,#2555,#2556,#2557),.UNSPECIFIED.,.F.,.F.,(4,2,2,2,4),(0.,0.0491786145640108,
0.0983572291280216,0.147934357235108,0.197511485342195),.UNSPECIFIED.);
#477=B_SPLINE_CURVE_WITH_KNOTS('',3,(#2566,#2567,#2568,#2569,#2570,#2571,
#2572,#2573,#2574,#2575),.UNSPECIFIED.,.F.,.F.,(4,2,2,2,4),(0.588539413337114,
0.637696221817869,0.686853030298623,0.735898523843195,0.784944017387767),
 .UNSPECIFIED.);
#478=B_SPLINE_CURVE_WITH_KNOTS('',3,(#2580,#2581,#2582,#2583,#2584,#2585,
#2586,#2587,#2588,#2589),.UNSPECIFIED.,.F.,.F.,(4,2,2,2,4),(0.,0.0490454935445719,
0.0980909870891438,0.147247795569898,0.196404604050653),.UNSPECIFIED.);
#479=B_SPLINE_CURVE_WITH_KNOTS('',3,(#2598,#2599,#2600,#2601,#2602,#2603,
#2604,#2605,#2606,#2607),.UNSPECIFIED.,.F.,.F.,(4,2,2,2,4),(-0.500498868130388,
-0.458724107952168,-0.416949347773948,-0.375267045421201,-0.333584743068454),
 .UNSPECIFIED.);
#480=B_SPLINE_CURVE_WITH_KNOTS('',3,(#2615,#2616,#2617,#2618,#2619,#2620,
#2621,#2622,#2623,#2624),.UNSPECIFIED.,.F.,.F.,(4,2,2,2,4),(-0.333584772307565,
-0.291902469954818,-0.250220167602072,-0.208445407423852,-0.166670647245632),
 .UNSPECIFIED.);
#481=B_SPLINE_CURVE_WITH_KNOTS('',3,(#2632,#2633,#2634,#2635,#2636,#2637,
#2638,#2639,#2640,#2641),.UNSPECIFIED.,.F.,.F.,(4,2,2,2,4),(-0.167832228130329,
-0.125706935918995,-0.0835816437076612,-0.0417908218538306,0.),
 .UNSPECIFIED.);
#482=B_SPLINE_CURVE_WITH_KNOTS('',3,(#2648,#2649,#2650,#2651,#2652,#2653,
#2654,#2655,#2656,#2657),.UNSPECIFIED.,.F.,.F.,(4,2,2,2,4),(-0.670345982782419,
-0.628555160928588,-0.586764339074758,-0.544639046863424,-0.50251375465209),
 .UNSPECIFIED.);
#483=B_SPLINE_CURVE_WITH_KNOTS('',3,(#2712,#2713,#2714,#2715,#2716,#2717,
#2718,#2719,#2720,#2721),.UNSPECIFIED.,.F.,.F.,(4,2,2,2,4),(-0.589218674548298,
-0.540010401893673,-0.490802129239048,-0.441735557182969,-0.392668985126891),
 .UNSPECIFIED.);
#484=B_SPLINE_CURVE_WITH_KNOTS('',3,(#2725,#2726,#2727,#2728,#2729,#2730,
#2731,#2732,#2733,#2734),.UNSPECIFIED.,.F.,.F.,(4,2,2,2,4),(-0.392669049000816,
-0.343602476944737,-0.294535904888658,-0.245327632234033,-0.196119359579407),
 .UNSPECIFIED.);
#485=B_SPLINE_CURVE_WITH_KNOTS('',3,(#2738,#2739,#2740,#2741,#2742,#2743,
#2744,#2745,#2746,#2747),.UNSPECIFIED.,.F.,.F.,(4,2,2,2,4),(-0.59303858074625,
-0.543290952774497,-0.493543324802743,-0.444305035697531,-0.395066746592319),
 .UNSPECIFIED.);
#486=B_SPLINE_CURVE_WITH_KNOTS('',3,(#2751,#2752,#2753,#2754,#2755,#2756,
#2757,#2758,#2759,#2760),.UNSPECIFIED.,.F.,.F.,(4,2,2,2,4),(-0.395066815310137,
-0.3461059534555,-0.297145091600863,-0.247120339724801,-0.197095587848739),
 .UNSPECIFIED.);
#487=B_SPLINE_CURVE_WITH_KNOTS('',3,(#2787,#2788,#2789,#2790,#2791,#2792,
#2793,#2794,#2795,#2796),.UNSPECIFIED.,.F.,.F.,(4,2,2,2,4),(0.591173251862896,
0.640966728429776,0.690760204996655,0.739722287946799,0.788684370896943),
 .UNSPECIFIED.);
#488=B_SPLINE_CURVE_WITH_KNOTS('',3,(#2800,#2801,#2802,#2803,#2804,#2805,
#2806,#2807,#2808,#2809),.UNSPECIFIED.,.F.,.F.,(4,2,2,2,4),(0.,0.0491786145640108,
0.0983572291280215,0.147934357235108,0.197511485342195),.UNSPECIFIED.);
#489=B_SPLINE_CURVE_WITH_KNOTS('',3,(#2818,#2819,#2820,#2821,#2822,#2823,
#2824,#2825,#2826,#2827),.UNSPECIFIED.,.F.,.F.,(4,2,2,2,4),(0.588539413337114,
0.637696221817869,0.686853030298623,0.735898523843195,0.784944017387767),
 .UNSPECIFIED.);
#490=B_SPLINE_CURVE_WITH_KNOTS('',3,(#2832,#2833,#2834,#2835,#2836,#2837,
#2838,#2839,#2840,#2841),.UNSPECIFIED.,.F.,.F.,(4,2,2,2,4),(0.,0.0490454935445719,
0.0980909870891438,0.147247795569898,0.196404604050653),.UNSPECIFIED.);
#491=VERTEX_POINT('',#1805);
#492=VERTEX_POINT('',#1806);
#493=VERTEX_POINT('',#1868);
#494=VERTEX_POINT('',#1870);
#495=VERTEX_POINT('',#1934);
#496=VERTEX_POINT('',#1935);
#497=VERTEX_POINT('',#1997);
#498=VERTEX_POINT('',#1999);
#499=VERTEX_POINT('',#2063);
#500=VERTEX_POINT('',#2064);
#501=VERTEX_POINT('',#2126);
#502=VERTEX_POINT('',#2128);
#503=VERTEX_POINT('',#2192);
#504=VERTEX_POINT('',#2193);
#505=VERTEX_POINT('',#2255);
#506=VERTEX_POINT('',#2257);
#507=VERTEX_POINT('',#2321);
#508=VERTEX_POINT('',#2322);
#509=VERTEX_POINT('',#2324);
#510=VERTEX_POINT('',#2326);
#511=VERTEX_POINT('',#2329);
#512=VERTEX_POINT('',#2330);
#513=VERTEX_POINT('',#2332);
#514=VERTEX_POINT('',#2334);
#515=VERTEX_POINT('',#2338);
#516=VERTEX_POINT('',#2340);
#517=VERTEX_POINT('',#2344);
#518=VERTEX_POINT('',#2348);
#519=VERTEX_POINT('',#2350);
#520=VERTEX_POINT('',#2354);
#521=VERTEX_POINT('',#2358);
#522=VERTEX_POINT('',#2365);
#523=VERTEX_POINT('',#2367);
#524=VERTEX_POINT('',#2371);
#525=VERTEX_POINT('',#2373);
#526=VERTEX_POINT('',#2378);
#527=VERTEX_POINT('',#2388);
#528=VERTEX_POINT('',#2389);
#529=VERTEX_POINT('',#2391);
#530=VERTEX_POINT('',#2393);
#531=VERTEX_POINT('',#2397);
#532=VERTEX_POINT('',#2398);
#533=VERTEX_POINT('',#2400);
#534=VERTEX_POINT('',#2402);
#535=VERTEX_POINT('',#2406);
#536=VERTEX_POINT('',#2408);
#537=VERTEX_POINT('',#2412);
#538=VERTEX_POINT('',#2414);
#539=VERTEX_POINT('',#2418);
#540=VERTEX_POINT('',#2420);
#541=VERTEX_POINT('',#2422);
#542=VERTEX_POINT('',#2433);
#543=VERTEX_POINT('',#2435);
#544=VERTEX_POINT('',#2446);
#545=VERTEX_POINT('',#2448);
#546=VERTEX_POINT('',#2459);
#547=VERTEX_POINT('',#2461);
#548=VERTEX_POINT('',#2472);
#549=VERTEX_POINT('',#2475);
#550=VERTEX_POINT('',#2486);
#551=VERTEX_POINT('',#2488);
#552=VERTEX_POINT('',#2499);
#553=VERTEX_POINT('',#2501);
#554=VERTEX_POINT('',#2512);
#555=VERTEX_POINT('',#2525);
#556=VERTEX_POINT('',#2529);
#557=VERTEX_POINT('',#2533);
#558=VERTEX_POINT('',#2546);
#559=VERTEX_POINT('',#2547);
#560=VERTEX_POINT('',#2561);
#561=VERTEX_POINT('',#2565);
#562=VERTEX_POINT('',#2578);
#563=VERTEX_POINT('',#2579);
#564=VERTEX_POINT('',#2597);
#565=VERTEX_POINT('',#2610);
#566=VERTEX_POINT('',#2614);
#567=VERTEX_POINT('',#2627);
#568=VERTEX_POINT('',#2631);
#569=VERTEX_POINT('',#2644);
#570=VERTEX_POINT('',#2659);
#571=VERTEX_POINT('',#2666);
#572=VERTEX_POINT('',#2667);
#573=VERTEX_POINT('',#2669);
#574=VERTEX_POINT('',#2671);
#575=VERTEX_POINT('',#2675);
#576=VERTEX_POINT('',#2677);
#577=VERTEX_POINT('',#2681);
#578=VERTEX_POINT('',#2682);
#579=VERTEX_POINT('',#2684);
#580=VERTEX_POINT('',#2686);
#581=VERTEX_POINT('',#2690);
#582=VERTEX_POINT('',#2692);
#583=VERTEX_POINT('',#2696);
#584=VERTEX_POINT('',#2699);
#585=VERTEX_POINT('',#2703);
#586=VERTEX_POINT('',#2707);
#587=VERTEX_POINT('',#2710);
#588=VERTEX_POINT('',#2711);
#589=VERTEX_POINT('',#2722);
#590=VERTEX_POINT('',#2724);
#591=VERTEX_POINT('',#2735);
#592=VERTEX_POINT('',#2737);
#593=VERTEX_POINT('',#2748);
#594=VERTEX_POINT('',#2750);
#595=VERTEX_POINT('',#2761);
#596=VERTEX_POINT('',#2763);
#597=VERTEX_POINT('',#2765);
#598=VERTEX_POINT('',#2767);
#599=VERTEX_POINT('',#2775);
#600=VERTEX_POINT('',#2777);
#601=VERTEX_POINT('',#2781);
#602=VERTEX_POINT('',#2785);
#603=VERTEX_POINT('',#2798);
#604=VERTEX_POINT('',#2799);
#605=VERTEX_POINT('',#2813);
#606=VERTEX_POINT('',#2817);
#607=VERTEX_POINT('',#2830);
#608=VERTEX_POINT('',#2831);
#609=VERTEX_POINT('',#2849);
#610=VERTEX_POINT('',#2853);
#611=VERTEX_POINT('',#2860);
#612=VERTEX_POINT('',#2861);
#613=VERTEX_POINT('',#2863);
#614=VERTEX_POINT('',#2865);
#615=VERTEX_POINT('',#2869);
#616=VERTEX_POINT('',#2870);
#617=VERTEX_POINT('',#2875);
#618=VERTEX_POINT('',#2876);
#619=EDGE_CURVE('',#491,#492,#459,.T.);
#620=EDGE_CURVE('',#493,#491,#295,.T.);
#621=EDGE_CURVE('',#494,#493,#460,.T.);
#622=EDGE_CURVE('',#494,#492,#296,.T.);
#623=EDGE_CURVE('',#495,#496,#461,.T.);
#624=EDGE_CURVE('',#497,#495,#297,.T.);
#625=EDGE_CURVE('',#498,#497,#462,.T.);
#626=EDGE_CURVE('',#498,#496,#298,.T.);
#627=EDGE_CURVE('',#499,#500,#463,.T.);
#628=EDGE_CURVE('',#501,#499,#299,.T.);
#629=EDGE_CURVE('',#502,#501,#464,.T.);
#630=EDGE_CURVE('',#502,#500,#300,.T.);
#631=EDGE_CURVE('',#503,#504,#465,.T.);
#632=EDGE_CURVE('',#505,#503,#301,.T.);
#633=EDGE_CURVE('',#506,#505,#466,.T.);
#634=EDGE_CURVE('',#506,#504,#302,.T.);
#635=EDGE_CURVE('',#507,#508,#37,.T.);
#636=EDGE_CURVE('',#508,#509,#38,.T.);
#637=EDGE_CURVE('',#509,#510,#39,.T.);
#638=EDGE_CURVE('',#510,#507,#40,.T.);
#639=EDGE_CURVE('',#511,#512,#41,.T.);
#640=EDGE_CURVE('',#512,#513,#42,.T.);
#641=EDGE_CURVE('',#513,#514,#43,.T.);
#642=EDGE_CURVE('',#514,#511,#44,.T.);
#643=EDGE_CURVE('',#512,#515,#303,.T.);
#644=EDGE_CURVE('',#515,#516,#45,.T.);
#645=EDGE_CURVE('',#516,#513,#304,.T.);
#646=EDGE_CURVE('',#517,#511,#305,.T.);
#647=EDGE_CURVE('',#517,#515,#46,.T.);
#648=EDGE_CURVE('',#510,#518,#306,.T.);
#649=EDGE_CURVE('',#519,#518,#47,.T.);
#650=EDGE_CURVE('',#507,#519,#307,.T.);
#651=EDGE_CURVE('',#509,#520,#308,.T.);
#652=EDGE_CURVE('',#518,#520,#48,.T.);
#653=EDGE_CURVE('',#521,#514,#309,.T.);
#654=EDGE_CURVE('',#521,#517,#49,.T.);
#655=EDGE_CURVE('',#516,#521,#50,.T.);
#656=EDGE_CURVE('',#518,#522,#51,.T.);
#657=EDGE_CURVE('',#523,#520,#52,.T.);
#658=EDGE_CURVE('',#522,#523,#53,.T.);
#659=EDGE_CURVE('',#523,#524,#54,.T.);
#660=EDGE_CURVE('',#520,#525,#55,.T.);
#661=EDGE_CURVE('',#524,#525,#56,.T.);
#662=EDGE_CURVE('',#525,#519,#57,.T.);
#663=EDGE_CURVE('',#526,#519,#58,.T.);
#664=EDGE_CURVE('',#524,#526,#59,.T.);
#665=EDGE_CURVE('',#526,#522,#60,.T.);
#666=EDGE_CURVE('',#525,#508,#310,.T.);
#667=EDGE_CURVE('',#527,#528,#311,.T.);
#668=EDGE_CURVE('',#527,#529,#312,.T.);
#669=EDGE_CURVE('',#530,#529,#313,.T.);
#670=EDGE_CURVE('',#530,#528,#314,.T.);
#671=EDGE_CURVE('',#531,#532,#315,.T.);
#672=EDGE_CURVE('',#531,#533,#316,.T.);
#673=EDGE_CURVE('',#534,#533,#317,.T.);
#674=EDGE_CURVE('',#532,#534,#318,.T.);
#675=EDGE_CURVE('',#535,#531,#61,.T.);
#676=EDGE_CURVE('',#536,#535,#319,.T.);
#677=EDGE_CURVE('',#533,#536,#62,.T.);
#678=EDGE_CURVE('',#537,#527,#63,.T.);
#679=EDGE_CURVE('',#538,#537,#320,.T.);
#680=EDGE_CURVE('',#529,#538,#64,.T.);
#681=EDGE_CURVE('',#539,#538,#321,.T.);
#682=EDGE_CURVE('',#540,#539,#65,.T.);
#683=EDGE_CURVE('',#541,#540,#467,.T.);
#684=EDGE_CURVE('',#542,#541,#322,.T.);
#685=EDGE_CURVE('',#543,#542,#468,.T.);
#686=EDGE_CURVE('',#544,#543,#66,.T.);
#687=EDGE_CURVE('',#545,#544,#469,.T.);
#688=EDGE_CURVE('',#546,#545,#323,.T.);
#689=EDGE_CURVE('',#547,#546,#470,.T.);
#690=EDGE_CURVE('',#548,#547,#67,.T.);
#691=EDGE_CURVE('',#535,#548,#324,.T.);
#692=EDGE_CURVE('',#549,#532,#471,.T.);
#693=EDGE_CURVE('',#550,#549,#325,.T.);
#694=EDGE_CURVE('',#551,#550,#472,.T.);
#695=EDGE_CURVE('',#552,#551,#68,.T.);
#696=EDGE_CURVE('',#553,#552,#473,.T.);
#697=EDGE_CURVE('',#554,#553,#326,.T.);
#698=EDGE_CURVE('',#530,#554,#474,.T.);
#699=EDGE_CURVE('',#537,#555,#327,.T.);
#700=EDGE_CURVE('',#539,#555,#328,.T.);
#701=EDGE_CURVE('',#555,#556,#69,.T.);
#702=EDGE_CURVE('',#540,#556,#329,.T.);
#703=EDGE_CURVE('',#556,#557,#475,.T.);
#704=EDGE_CURVE('',#541,#557,#330,.T.);
#705=EDGE_CURVE('',#558,#559,#476,.T.);
#706=EDGE_CURVE('',#543,#559,#331,.T.);
#707=EDGE_CURVE('',#542,#558,#332,.T.);
#708=EDGE_CURVE('',#559,#560,#70,.T.);
#709=EDGE_CURVE('',#544,#560,#333,.T.);
#710=EDGE_CURVE('',#560,#561,#477,.T.);
#711=EDGE_CURVE('',#545,#561,#334,.T.);
#712=EDGE_CURVE('',#562,#563,#478,.T.);
#713=EDGE_CURVE('',#563,#547,#335,.T.);
#714=EDGE_CURVE('',#562,#546,#336,.T.);
#715=EDGE_CURVE('',#561,#562,#337,.T.);
#716=EDGE_CURVE('',#557,#558,#338,.T.);
#717=EDGE_CURVE('',#534,#564,#479,.T.);
#718=EDGE_CURVE('',#549,#564,#339,.T.);
#719=EDGE_CURVE('',#564,#565,#340,.T.);
#720=EDGE_CURVE('',#550,#565,#341,.T.);
#721=EDGE_CURVE('',#565,#566,#480,.T.);
#722=EDGE_CURVE('',#551,#566,#342,.T.);
#723=EDGE_CURVE('',#566,#567,#71,.T.);
#724=EDGE_CURVE('',#552,#567,#343,.T.);
#725=EDGE_CURVE('',#567,#568,#481,.T.);
#726=EDGE_CURVE('',#553,#568,#344,.T.);
#727=EDGE_CURVE('',#568,#569,#345,.T.);
#728=EDGE_CURVE('',#554,#569,#346,.T.);
#729=EDGE_CURVE('',#569,#528,#482,.T.);
#730=EDGE_CURVE('',#563,#570,#72,.T.);
#731=EDGE_CURVE('',#548,#570,#347,.T.);
#732=EDGE_CURVE('',#570,#536,#348,.T.);
#733=EDGE_CURVE('',#571,#572,#73,.T.);
#734=EDGE_CURVE('',#573,#572,#349,.T.);
#735=EDGE_CURVE('',#574,#573,#74,.T.);
#736=EDGE_CURVE('',#574,#571,#350,.T.);
#737=EDGE_CURVE('',#575,#571,#75,.T.);
#738=EDGE_CURVE('',#576,#574,#76,.T.);
#739=EDGE_CURVE('',#576,#575,#351,.T.);
#740=EDGE_CURVE('',#577,#578,#77,.T.);
#741=EDGE_CURVE('',#578,#579,#352,.T.);
#742=EDGE_CURVE('',#580,#579,#78,.T.);
#743=EDGE_CURVE('',#580,#577,#353,.T.);
#744=EDGE_CURVE('',#581,#577,#79,.T.);
#745=EDGE_CURVE('',#582,#580,#80,.T.);
#746=EDGE_CURVE('',#581,#582,#354,.T.);
#747=EDGE_CURVE('',#573,#583,#81,.T.);
#748=EDGE_CURVE('',#583,#576,#82,.T.);
#749=EDGE_CURVE('',#584,#582,#83,.T.);
#750=EDGE_CURVE('',#579,#584,#84,.T.);
#751=EDGE_CURVE('',#585,#575,#85,.T.);
#752=EDGE_CURVE('',#585,#583,#355,.T.);
#753=EDGE_CURVE('',#586,#581,#86,.T.);
#754=EDGE_CURVE('',#586,#584,#356,.T.);
#755=EDGE_CURVE('',#587,#588,#483,.T.);
#756=EDGE_CURVE('',#588,#589,#357,.T.);
#757=EDGE_CURVE('',#589,#590,#484,.T.);
#758=EDGE_CURVE('',#590,#591,#87,.T.);
#759=EDGE_CURVE('',#591,#592,#485,.T.);
#760=EDGE_CURVE('',#592,#593,#358,.T.);
#761=EDGE_CURVE('',#593,#594,#486,.T.);
#762=EDGE_CURVE('',#594,#595,#88,.T.);
#763=EDGE_CURVE('',#595,#596,#359,.T.);
#764=EDGE_CURVE('',#596,#597,#89,.T.);
#765=EDGE_CURVE('',#597,#598,#360,.T.);
#766=EDGE_CURVE('',#598,#587,#90,.T.);
#767=EDGE_CURVE('',#578,#586,#91,.T.);
#768=EDGE_CURVE('',#572,#585,#92,.T.);
#769=EDGE_CURVE('',#599,#596,#361,.T.);
#770=EDGE_CURVE('',#595,#600,#362,.T.);
#771=EDGE_CURVE('',#599,#600,#363,.T.);
#772=EDGE_CURVE('',#600,#601,#93,.T.);
#773=EDGE_CURVE('',#594,#601,#364,.T.);
#774=EDGE_CURVE('',#593,#602,#365,.T.);
#775=EDGE_CURVE('',#601,#602,#487,.T.);
#776=EDGE_CURVE('',#603,#604,#488,.T.);
#777=EDGE_CURVE('',#592,#603,#366,.T.);
#778=EDGE_CURVE('',#591,#604,#367,.T.);
#779=EDGE_CURVE('',#604,#605,#94,.T.);
#780=EDGE_CURVE('',#590,#605,#368,.T.);
#781=EDGE_CURVE('',#605,#606,#489,.T.);
#782=EDGE_CURVE('',#589,#606,#369,.T.);
#783=EDGE_CURVE('',#607,#608,#490,.T.);
#784=EDGE_CURVE('',#607,#588,#370,.T.);
#785=EDGE_CURVE('',#608,#587,#371,.T.);
#786=EDGE_CURVE('',#606,#607,#372,.T.);
#787=EDGE_CURVE('',#602,#603,#373,.T.);
#788=EDGE_CURVE('',#608,#609,#95,.T.);
#789=EDGE_CURVE('',#598,#609,#374,.T.);
#790=EDGE_CURVE('',#610,#599,#96,.T.);
#791=EDGE_CURVE('',#609,#610,#375,.T.);
#792=EDGE_CURVE('',#597,#610,#376,.T.);
#793=EDGE_CURVE('',#611,#612,#97,.T.);
#794=EDGE_CURVE('',#612,#613,#98,.T.);
#795=EDGE_CURVE('',#613,#614,#99,.T.);
#796=EDGE_CURVE('',#614,#611,#100,.T.);
#797=EDGE_CURVE('',#615,#616,#101,.T.);
#798=EDGE_CURVE('',#616,#612,#102,.T.);
#799=EDGE_CURVE('',#611,#615,#103,.T.);
#800=EDGE_CURVE('',#617,#618,#104,.T.);
#801=EDGE_CURVE('',#618,#614,#105,.T.);
#802=EDGE_CURVE('',#613,#617,#106,.T.);
#803=EDGE_CURVE('',#617,#616,#107,.T.);
#804=EDGE_CURVE('',#615,#618,#108,.T.);
#805=ORIENTED_EDGE('',*,*,#619,.F.);
#806=ORIENTED_EDGE('',*,*,#620,.F.);
#807=ORIENTED_EDGE('',*,*,#621,.F.);
#808=ORIENTED_EDGE('',*,*,#622,.T.);
#809=ORIENTED_EDGE('',*,*,#623,.F.);
#810=ORIENTED_EDGE('',*,*,#624,.F.);
#811=ORIENTED_EDGE('',*,*,#625,.F.);
#812=ORIENTED_EDGE('',*,*,#626,.T.);
#813=ORIENTED_EDGE('',*,*,#627,.F.);
#814=ORIENTED_EDGE('',*,*,#628,.F.);
#815=ORIENTED_EDGE('',*,*,#629,.F.);
#816=ORIENTED_EDGE('',*,*,#630,.T.);
#817=ORIENTED_EDGE('',*,*,#631,.F.);
#818=ORIENTED_EDGE('',*,*,#632,.F.);
#819=ORIENTED_EDGE('',*,*,#633,.F.);
#820=ORIENTED_EDGE('',*,*,#634,.T.);
#821=ORIENTED_EDGE('',*,*,#635,.T.);
#822=ORIENTED_EDGE('',*,*,#636,.T.);
#823=ORIENTED_EDGE('',*,*,#637,.T.);
#824=ORIENTED_EDGE('',*,*,#638,.T.);
#825=ORIENTED_EDGE('',*,*,#639,.T.);
#826=ORIENTED_EDGE('',*,*,#640,.T.);
#827=ORIENTED_EDGE('',*,*,#641,.T.);
#828=ORIENTED_EDGE('',*,*,#642,.T.);
#829=ORIENTED_EDGE('',*,*,#640,.F.);
#830=ORIENTED_EDGE('',*,*,#643,.T.);
#831=ORIENTED_EDGE('',*,*,#644,.T.);
#832=ORIENTED_EDGE('',*,*,#645,.T.);
#833=ORIENTED_EDGE('',*,*,#639,.F.);
#834=ORIENTED_EDGE('',*,*,#646,.F.);
#835=ORIENTED_EDGE('',*,*,#647,.T.);
#836=ORIENTED_EDGE('',*,*,#643,.F.);
#837=ORIENTED_EDGE('',*,*,#638,.F.);
#838=ORIENTED_EDGE('',*,*,#648,.T.);
#839=ORIENTED_EDGE('',*,*,#649,.F.);
#840=ORIENTED_EDGE('',*,*,#650,.F.);
#841=ORIENTED_EDGE('',*,*,#637,.F.);
#842=ORIENTED_EDGE('',*,*,#651,.T.);
#843=ORIENTED_EDGE('',*,*,#652,.F.);
#844=ORIENTED_EDGE('',*,*,#648,.F.);
#845=ORIENTED_EDGE('',*,*,#642,.F.);
#846=ORIENTED_EDGE('',*,*,#653,.F.);
#847=ORIENTED_EDGE('',*,*,#654,.T.);
#848=ORIENTED_EDGE('',*,*,#646,.T.);
#849=ORIENTED_EDGE('',*,*,#641,.F.);
#850=ORIENTED_EDGE('',*,*,#645,.F.);
#851=ORIENTED_EDGE('',*,*,#655,.T.);
#852=ORIENTED_EDGE('',*,*,#653,.T.);
#853=ORIENTED_EDGE('',*,*,#644,.F.);
#854=ORIENTED_EDGE('',*,*,#647,.F.);
#855=ORIENTED_EDGE('',*,*,#654,.F.);
#856=ORIENTED_EDGE('',*,*,#655,.F.);
#857=ORIENTED_EDGE('',*,*,#656,.F.);
#858=ORIENTED_EDGE('',*,*,#652,.T.);
#859=ORIENTED_EDGE('',*,*,#657,.F.);
#860=ORIENTED_EDGE('',*,*,#658,.F.);
#861=ORIENTED_EDGE('',*,*,#659,.F.);
#862=ORIENTED_EDGE('',*,*,#657,.T.);
#863=ORIENTED_EDGE('',*,*,#660,.T.);
#864=ORIENTED_EDGE('',*,*,#661,.F.);
#865=ORIENTED_EDGE('',*,*,#661,.T.);
#866=ORIENTED_EDGE('',*,*,#662,.T.);
#867=ORIENTED_EDGE('',*,*,#663,.F.);
#868=ORIENTED_EDGE('',*,*,#664,.F.);
#869=ORIENTED_EDGE('',*,*,#665,.F.);
#870=ORIENTED_EDGE('',*,*,#663,.T.);
#871=ORIENTED_EDGE('',*,*,#649,.T.);
#872=ORIENTED_EDGE('',*,*,#656,.T.);
#873=ORIENTED_EDGE('',*,*,#659,.T.);
#874=ORIENTED_EDGE('',*,*,#664,.T.);
#875=ORIENTED_EDGE('',*,*,#665,.T.);
#876=ORIENTED_EDGE('',*,*,#658,.T.);
#877=ORIENTED_EDGE('',*,*,#636,.F.);
#878=ORIENTED_EDGE('',*,*,#666,.F.);
#879=ORIENTED_EDGE('',*,*,#660,.F.);
#880=ORIENTED_EDGE('',*,*,#651,.F.);
#881=ORIENTED_EDGE('',*,*,#635,.F.);
#882=ORIENTED_EDGE('',*,*,#650,.T.);
#883=ORIENTED_EDGE('',*,*,#662,.F.);
#884=ORIENTED_EDGE('',*,*,#666,.T.);
#885=ORIENTED_EDGE('',*,*,#667,.F.);
#886=ORIENTED_EDGE('',*,*,#668,.T.);
#887=ORIENTED_EDGE('',*,*,#669,.F.);
#888=ORIENTED_EDGE('',*,*,#670,.T.);
#889=ORIENTED_EDGE('',*,*,#671,.F.);
#890=ORIENTED_EDGE('',*,*,#672,.T.);
#891=ORIENTED_EDGE('',*,*,#673,.F.);
#892=ORIENTED_EDGE('',*,*,#674,.F.);
#893=ORIENTED_EDGE('',*,*,#675,.F.);
#894=ORIENTED_EDGE('',*,*,#676,.F.);
#895=ORIENTED_EDGE('',*,*,#677,.F.);
#896=ORIENTED_EDGE('',*,*,#672,.F.);
#897=ORIENTED_EDGE('',*,*,#678,.F.);
#898=ORIENTED_EDGE('',*,*,#679,.F.);
#899=ORIENTED_EDGE('',*,*,#680,.F.);
#900=ORIENTED_EDGE('',*,*,#668,.F.);
#901=ORIENTED_EDGE('',*,*,#669,.T.);
#902=ORIENTED_EDGE('',*,*,#680,.T.);
#903=ORIENTED_EDGE('',*,*,#681,.F.);
#904=ORIENTED_EDGE('',*,*,#682,.F.);
#905=ORIENTED_EDGE('',*,*,#683,.F.);
#906=ORIENTED_EDGE('',*,*,#684,.F.);
#907=ORIENTED_EDGE('',*,*,#685,.F.);
#908=ORIENTED_EDGE('',*,*,#686,.F.);
#909=ORIENTED_EDGE('',*,*,#687,.F.);
#910=ORIENTED_EDGE('',*,*,#688,.F.);
#911=ORIENTED_EDGE('',*,*,#689,.F.);
#912=ORIENTED_EDGE('',*,*,#690,.F.);
#913=ORIENTED_EDGE('',*,*,#691,.F.);
#914=ORIENTED_EDGE('',*,*,#675,.T.);
#915=ORIENTED_EDGE('',*,*,#671,.T.);
#916=ORIENTED_EDGE('',*,*,#692,.F.);
#917=ORIENTED_EDGE('',*,*,#693,.F.);
#918=ORIENTED_EDGE('',*,*,#694,.F.);
#919=ORIENTED_EDGE('',*,*,#695,.F.);
#920=ORIENTED_EDGE('',*,*,#696,.F.);
#921=ORIENTED_EDGE('',*,*,#697,.F.);
#922=ORIENTED_EDGE('',*,*,#698,.F.);
#923=ORIENTED_EDGE('',*,*,#679,.T.);
#924=ORIENTED_EDGE('',*,*,#699,.T.);
#925=ORIENTED_EDGE('',*,*,#700,.F.);
#926=ORIENTED_EDGE('',*,*,#681,.T.);
#927=ORIENTED_EDGE('',*,*,#701,.T.);
#928=ORIENTED_EDGE('',*,*,#702,.F.);
#929=ORIENTED_EDGE('',*,*,#682,.T.);
#930=ORIENTED_EDGE('',*,*,#700,.T.);
#931=ORIENTED_EDGE('',*,*,#703,.T.);
#932=ORIENTED_EDGE('',*,*,#704,.F.);
#933=ORIENTED_EDGE('',*,*,#683,.T.);
#934=ORIENTED_EDGE('',*,*,#702,.T.);
#935=ORIENTED_EDGE('',*,*,#705,.T.);
#936=ORIENTED_EDGE('',*,*,#706,.F.);
#937=ORIENTED_EDGE('',*,*,#685,.T.);
#938=ORIENTED_EDGE('',*,*,#707,.T.);
#939=ORIENTED_EDGE('',*,*,#708,.T.);
#940=ORIENTED_EDGE('',*,*,#709,.F.);
#941=ORIENTED_EDGE('',*,*,#686,.T.);
#942=ORIENTED_EDGE('',*,*,#706,.T.);
#943=ORIENTED_EDGE('',*,*,#710,.T.);
#944=ORIENTED_EDGE('',*,*,#711,.F.);
#945=ORIENTED_EDGE('',*,*,#687,.T.);
#946=ORIENTED_EDGE('',*,*,#709,.T.);
#947=ORIENTED_EDGE('',*,*,#712,.T.);
#948=ORIENTED_EDGE('',*,*,#713,.T.);
#949=ORIENTED_EDGE('',*,*,#689,.T.);
#950=ORIENTED_EDGE('',*,*,#714,.F.);
#951=ORIENTED_EDGE('',*,*,#715,.T.);
#952=ORIENTED_EDGE('',*,*,#714,.T.);
#953=ORIENTED_EDGE('',*,*,#688,.T.);
#954=ORIENTED_EDGE('',*,*,#711,.T.);
#955=ORIENTED_EDGE('',*,*,#716,.T.);
#956=ORIENTED_EDGE('',*,*,#707,.F.);
#957=ORIENTED_EDGE('',*,*,#684,.T.);
#958=ORIENTED_EDGE('',*,*,#704,.T.);
#959=ORIENTED_EDGE('',*,*,#717,.T.);
#960=ORIENTED_EDGE('',*,*,#718,.F.);
#961=ORIENTED_EDGE('',*,*,#692,.T.);
#962=ORIENTED_EDGE('',*,*,#674,.T.);
#963=ORIENTED_EDGE('',*,*,#719,.T.);
#964=ORIENTED_EDGE('',*,*,#720,.F.);
#965=ORIENTED_EDGE('',*,*,#693,.T.);
#966=ORIENTED_EDGE('',*,*,#718,.T.);
#967=ORIENTED_EDGE('',*,*,#721,.T.);
#968=ORIENTED_EDGE('',*,*,#722,.F.);
#969=ORIENTED_EDGE('',*,*,#694,.T.);
#970=ORIENTED_EDGE('',*,*,#720,.T.);
#971=ORIENTED_EDGE('',*,*,#723,.T.);
#972=ORIENTED_EDGE('',*,*,#724,.F.);
#973=ORIENTED_EDGE('',*,*,#695,.T.);
#974=ORIENTED_EDGE('',*,*,#722,.T.);
#975=ORIENTED_EDGE('',*,*,#725,.T.);
#976=ORIENTED_EDGE('',*,*,#726,.F.);
#977=ORIENTED_EDGE('',*,*,#696,.T.);
#978=ORIENTED_EDGE('',*,*,#724,.T.);
#979=ORIENTED_EDGE('',*,*,#727,.T.);
#980=ORIENTED_EDGE('',*,*,#728,.F.);
#981=ORIENTED_EDGE('',*,*,#697,.T.);
#982=ORIENTED_EDGE('',*,*,#726,.T.);
#983=ORIENTED_EDGE('',*,*,#729,.T.);
#984=ORIENTED_EDGE('',*,*,#670,.F.);
#985=ORIENTED_EDGE('',*,*,#698,.T.);
#986=ORIENTED_EDGE('',*,*,#728,.T.);
#987=ORIENTED_EDGE('',*,*,#730,.T.);
#988=ORIENTED_EDGE('',*,*,#731,.F.);
#989=ORIENTED_EDGE('',*,*,#690,.T.);
#990=ORIENTED_EDGE('',*,*,#713,.F.);
#991=ORIENTED_EDGE('',*,*,#676,.T.);
#992=ORIENTED_EDGE('',*,*,#691,.T.);
#993=ORIENTED_EDGE('',*,*,#731,.T.);
#994=ORIENTED_EDGE('',*,*,#732,.T.);
#995=ORIENTED_EDGE('',*,*,#667,.T.);
#996=ORIENTED_EDGE('',*,*,#729,.F.);
#997=ORIENTED_EDGE('',*,*,#727,.F.);
#998=ORIENTED_EDGE('',*,*,#725,.F.);
#999=ORIENTED_EDGE('',*,*,#723,.F.);
#1000=ORIENTED_EDGE('',*,*,#721,.F.);
#1001=ORIENTED_EDGE('',*,*,#719,.F.);
#1002=ORIENTED_EDGE('',*,*,#717,.F.);
#1003=ORIENTED_EDGE('',*,*,#673,.T.);
#1004=ORIENTED_EDGE('',*,*,#677,.T.);
#1005=ORIENTED_EDGE('',*,*,#732,.F.);
#1006=ORIENTED_EDGE('',*,*,#730,.F.);
#1007=ORIENTED_EDGE('',*,*,#712,.F.);
#1008=ORIENTED_EDGE('',*,*,#715,.F.);
#1009=ORIENTED_EDGE('',*,*,#710,.F.);
#1010=ORIENTED_EDGE('',*,*,#708,.F.);
#1011=ORIENTED_EDGE('',*,*,#705,.F.);
#1012=ORIENTED_EDGE('',*,*,#716,.F.);
#1013=ORIENTED_EDGE('',*,*,#703,.F.);
#1014=ORIENTED_EDGE('',*,*,#701,.F.);
#1015=ORIENTED_EDGE('',*,*,#699,.F.);
#1016=ORIENTED_EDGE('',*,*,#678,.T.);
#1017=ORIENTED_EDGE('',*,*,#733,.T.);
#1018=ORIENTED_EDGE('',*,*,#734,.F.);
#1019=ORIENTED_EDGE('',*,*,#735,.F.);
#1020=ORIENTED_EDGE('',*,*,#736,.T.);
#1021=ORIENTED_EDGE('',*,*,#737,.T.);
#1022=ORIENTED_EDGE('',*,*,#736,.F.);
#1023=ORIENTED_EDGE('',*,*,#738,.F.);
#1024=ORIENTED_EDGE('',*,*,#739,.T.);
#1025=ORIENTED_EDGE('',*,*,#740,.T.);
#1026=ORIENTED_EDGE('',*,*,#741,.T.);
#1027=ORIENTED_EDGE('',*,*,#742,.F.);
#1028=ORIENTED_EDGE('',*,*,#743,.T.);
#1029=ORIENTED_EDGE('',*,*,#744,.T.);
#1030=ORIENTED_EDGE('',*,*,#743,.F.);
#1031=ORIENTED_EDGE('',*,*,#745,.F.);
#1032=ORIENTED_EDGE('',*,*,#746,.F.);
#1033=ORIENTED_EDGE('',*,*,#747,.T.);
#1034=ORIENTED_EDGE('',*,*,#748,.T.);
#1035=ORIENTED_EDGE('',*,*,#738,.T.);
#1036=ORIENTED_EDGE('',*,*,#735,.T.);
#1037=ORIENTED_EDGE('',*,*,#749,.T.);
#1038=ORIENTED_EDGE('',*,*,#745,.T.);
#1039=ORIENTED_EDGE('',*,*,#742,.T.);
#1040=ORIENTED_EDGE('',*,*,#750,.T.);
#1041=ORIENTED_EDGE('',*,*,#751,.T.);
#1042=ORIENTED_EDGE('',*,*,#739,.F.);
#1043=ORIENTED_EDGE('',*,*,#748,.F.);
#1044=ORIENTED_EDGE('',*,*,#752,.F.);
#1045=ORIENTED_EDGE('',*,*,#753,.T.);
#1046=ORIENTED_EDGE('',*,*,#746,.T.);
#1047=ORIENTED_EDGE('',*,*,#749,.F.);
#1048=ORIENTED_EDGE('',*,*,#754,.F.);
#1049=ORIENTED_EDGE('',*,*,#755,.T.);
#1050=ORIENTED_EDGE('',*,*,#756,.T.);
#1051=ORIENTED_EDGE('',*,*,#757,.T.);
#1052=ORIENTED_EDGE('',*,*,#758,.T.);
#1053=ORIENTED_EDGE('',*,*,#759,.T.);
#1054=ORIENTED_EDGE('',*,*,#760,.T.);
#1055=ORIENTED_EDGE('',*,*,#761,.T.);
#1056=ORIENTED_EDGE('',*,*,#762,.T.);
#1057=ORIENTED_EDGE('',*,*,#763,.T.);
#1058=ORIENTED_EDGE('',*,*,#764,.T.);
#1059=ORIENTED_EDGE('',*,*,#765,.T.);
#1060=ORIENTED_EDGE('',*,*,#766,.T.);
#1061=ORIENTED_EDGE('',*,*,#767,.T.);
#1062=ORIENTED_EDGE('',*,*,#754,.T.);
#1063=ORIENTED_EDGE('',*,*,#750,.F.);
#1064=ORIENTED_EDGE('',*,*,#741,.F.);
#1065=ORIENTED_EDGE('',*,*,#768,.F.);
#1066=ORIENTED_EDGE('',*,*,#733,.F.);
#1067=ORIENTED_EDGE('',*,*,#737,.F.);
#1068=ORIENTED_EDGE('',*,*,#751,.F.);
#1069=ORIENTED_EDGE('',*,*,#744,.F.);
#1070=ORIENTED_EDGE('',*,*,#753,.F.);
#1071=ORIENTED_EDGE('',*,*,#767,.F.);
#1072=ORIENTED_EDGE('',*,*,#740,.F.);
#1073=ORIENTED_EDGE('',*,*,#769,.T.);
#1074=ORIENTED_EDGE('',*,*,#763,.F.);
#1075=ORIENTED_EDGE('',*,*,#770,.T.);
#1076=ORIENTED_EDGE('',*,*,#771,.F.);
#1077=ORIENTED_EDGE('',*,*,#772,.F.);
#1078=ORIENTED_EDGE('',*,*,#770,.F.);
#1079=ORIENTED_EDGE('',*,*,#762,.F.);
#1080=ORIENTED_EDGE('',*,*,#773,.T.);
#1081=ORIENTED_EDGE('',*,*,#761,.F.);
#1082=ORIENTED_EDGE('',*,*,#774,.T.);
#1083=ORIENTED_EDGE('',*,*,#775,.F.);
#1084=ORIENTED_EDGE('',*,*,#773,.F.);
#1085=ORIENTED_EDGE('',*,*,#776,.F.);
#1086=ORIENTED_EDGE('',*,*,#777,.F.);
#1087=ORIENTED_EDGE('',*,*,#759,.F.);
#1088=ORIENTED_EDGE('',*,*,#778,.T.);
#1089=ORIENTED_EDGE('',*,*,#779,.F.);
#1090=ORIENTED_EDGE('',*,*,#778,.F.);
#1091=ORIENTED_EDGE('',*,*,#758,.F.);
#1092=ORIENTED_EDGE('',*,*,#780,.T.);
#1093=ORIENTED_EDGE('',*,*,#781,.F.);
#1094=ORIENTED_EDGE('',*,*,#780,.F.);
#1095=ORIENTED_EDGE('',*,*,#757,.F.);
#1096=ORIENTED_EDGE('',*,*,#782,.T.);
#1097=ORIENTED_EDGE('',*,*,#783,.F.);
#1098=ORIENTED_EDGE('',*,*,#784,.T.);
#1099=ORIENTED_EDGE('',*,*,#755,.F.);
#1100=ORIENTED_EDGE('',*,*,#785,.F.);
#1101=ORIENTED_EDGE('',*,*,#786,.F.);
#1102=ORIENTED_EDGE('',*,*,#782,.F.);
#1103=ORIENTED_EDGE('',*,*,#756,.F.);
#1104=ORIENTED_EDGE('',*,*,#784,.F.);
#1105=ORIENTED_EDGE('',*,*,#787,.F.);
#1106=ORIENTED_EDGE('',*,*,#774,.F.);
#1107=ORIENTED_EDGE('',*,*,#760,.F.);
#1108=ORIENTED_EDGE('',*,*,#777,.T.);
#1109=ORIENTED_EDGE('',*,*,#788,.F.);
#1110=ORIENTED_EDGE('',*,*,#785,.T.);
#1111=ORIENTED_EDGE('',*,*,#766,.F.);
#1112=ORIENTED_EDGE('',*,*,#789,.T.);
#1113=ORIENTED_EDGE('',*,*,#768,.T.);
#1114=ORIENTED_EDGE('',*,*,#752,.T.);
#1115=ORIENTED_EDGE('',*,*,#747,.F.);
#1116=ORIENTED_EDGE('',*,*,#734,.T.);
#1117=ORIENTED_EDGE('',*,*,#790,.T.);
#1118=ORIENTED_EDGE('',*,*,#771,.T.);
#1119=ORIENTED_EDGE('',*,*,#772,.T.);
#1120=ORIENTED_EDGE('',*,*,#775,.T.);
#1121=ORIENTED_EDGE('',*,*,#787,.T.);
#1122=ORIENTED_EDGE('',*,*,#776,.T.);
#1123=ORIENTED_EDGE('',*,*,#779,.T.);
#1124=ORIENTED_EDGE('',*,*,#781,.T.);
#1125=ORIENTED_EDGE('',*,*,#786,.T.);
#1126=ORIENTED_EDGE('',*,*,#783,.T.);
#1127=ORIENTED_EDGE('',*,*,#788,.T.);
#1128=ORIENTED_EDGE('',*,*,#791,.T.);
#1129=ORIENTED_EDGE('',*,*,#792,.T.);
#1130=ORIENTED_EDGE('',*,*,#791,.F.);
#1131=ORIENTED_EDGE('',*,*,#789,.F.);
#1132=ORIENTED_EDGE('',*,*,#765,.F.);
#1133=ORIENTED_EDGE('',*,*,#769,.F.);
#1134=ORIENTED_EDGE('',*,*,#790,.F.);
#1135=ORIENTED_EDGE('',*,*,#792,.F.);
#1136=ORIENTED_EDGE('',*,*,#764,.F.);
#1137=ORIENTED_EDGE('',*,*,#793,.T.);
#1138=ORIENTED_EDGE('',*,*,#794,.T.);
#1139=ORIENTED_EDGE('',*,*,#795,.T.);
#1140=ORIENTED_EDGE('',*,*,#796,.T.);
#1141=ORIENTED_EDGE('',*,*,#797,.T.);
#1142=ORIENTED_EDGE('',*,*,#798,.T.);
#1143=ORIENTED_EDGE('',*,*,#793,.F.);
#1144=ORIENTED_EDGE('',*,*,#799,.T.);
#1145=ORIENTED_EDGE('',*,*,#800,.T.);
#1146=ORIENTED_EDGE('',*,*,#801,.T.);
#1147=ORIENTED_EDGE('',*,*,#795,.F.);
#1148=ORIENTED_EDGE('',*,*,#802,.T.);
#1149=ORIENTED_EDGE('',*,*,#800,.F.);
#1150=ORIENTED_EDGE('',*,*,#803,.T.);
#1151=ORIENTED_EDGE('',*,*,#797,.F.);
#1152=ORIENTED_EDGE('',*,*,#804,.T.);
#1153=ORIENTED_EDGE('',*,*,#799,.F.);
#1154=ORIENTED_EDGE('',*,*,#796,.F.);
#1155=ORIENTED_EDGE('',*,*,#801,.F.);
#1156=ORIENTED_EDGE('',*,*,#804,.F.);
#1157=ORIENTED_EDGE('',*,*,#802,.F.);
#1158=ORIENTED_EDGE('',*,*,#794,.F.);
#1159=ORIENTED_EDGE('',*,*,#798,.F.);
#1160=ORIENTED_EDGE('',*,*,#803,.F.);
#1161=CYLINDRICAL_SURFACE('',#1287,1.105);
#1162=CYLINDRICAL_SURFACE('',#1288,1.105);
#1163=CYLINDRICAL_SURFACE('',#1289,1.105);
#1164=CYLINDRICAL_SURFACE('',#1290,1.105);
#1165=CYLINDRICAL_SURFACE('',#1300,14.180193735623);
#1166=CYLINDRICAL_SURFACE('',#1302,46.000009569541);
#1167=CYLINDRICAL_SURFACE('',#1304,49.000009569541);
#1168=CYLINDRICAL_SURFACE('',#1306,17.180193735623);
#1169=CYLINDRICAL_SURFACE('',#1308,23.4999985);
#1170=CYLINDRICAL_SURFACE('',#1310,45.999990990916);
#1171=CYLINDRICAL_SURFACE('',#1328,48.999990990916);
#1172=CYLINDRICAL_SURFACE('',#1329,26.4999985);
#1173=CYLINDRICAL_SURFACE('',#1338,23.4999985);
#1174=CYLINDRICAL_SURFACE('',#1346,1.3);
#1175=CYLINDRICAL_SURFACE('',#1347,1.3);
#1176=CYLINDRICAL_SURFACE('',#1350,1.3);
#1177=CYLINDRICAL_SURFACE('',#1351,1.3);
#1178=CYLINDRICAL_SURFACE('',#1354,1.105);
#1179=CYLINDRICAL_SURFACE('',#1356,1.105);
#1180=CYLINDRICAL_SURFACE('',#1359,1.105);
#1181=CYLINDRICAL_SURFACE('',#1361,1.105);
#1182=CYLINDRICAL_SURFACE('',#1365,26.4999985);
#1183=CYLINDRICAL_SURFACE('',#1366,49.000009569541);
#1184=CYLINDRICAL_SURFACE('',#1369,17.180193735623);
#1185=CYLINDRICAL_SURFACE('',#1372,14.180193735623);
#1186=CYLINDRICAL_SURFACE('',#1375,46.000009569541);
#1187=CYLINDRICAL_SURFACE('',#1383,48.999990990916);
#1188=CYLINDRICAL_SURFACE('',#1385,23.4999985);
#1189=CYLINDRICAL_SURFACE('',#1391,45.999990990916);
#1190=CYLINDRICAL_SURFACE('',#1398,1.3);
#1191=CYLINDRICAL_SURFACE('',#1399,1.3);
#1192=CYLINDRICAL_SURFACE('',#1402,1.3);
#1193=CYLINDRICAL_SURFACE('',#1403,1.3);
#1194=CYLINDRICAL_SURFACE('',#1408,26.4999985);
#1195=ADVANCED_FACE('',(#149),#1161,.T.);
#1196=ADVANCED_FACE('',(#150),#1162,.T.);
#1197=ADVANCED_FACE('',(#151),#1163,.T.);
#1198=ADVANCED_FACE('',(#152),#1164,.T.);
#1199=ADVANCED_FACE('',(#153,#31),#109,.F.);
#1200=ADVANCED_FACE('',(#154),#1165,.F.);
#1201=ADVANCED_FACE('',(#155),#1166,.F.);
#1202=ADVANCED_FACE('',(#156),#1167,.T.);
#1203=ADVANCED_FACE('',(#157),#1168,.T.);
#1204=ADVANCED_FACE('',(#158),#1169,.F.);
#1205=ADVANCED_FACE('',(#159),#1170,.F.);
#1206=ADVANCED_FACE('',(#160),#110,.T.);
#1207=ADVANCED_FACE('',(#161),#23,.T.);
#1208=ADVANCED_FACE('',(#162),#24,.T.);
#1209=ADVANCED_FACE('',(#163),#25,.T.);
#1210=ADVANCED_FACE('',(#164),#26,.T.);
#1211=ADVANCED_FACE('',(#165),#111,.F.);
#1212=ADVANCED_FACE('',(#166),#1171,.T.);
#1213=ADVANCED_FACE('',(#167),#1172,.T.);
#1214=ADVANCED_FACE('',(#168),#112,.F.);
#1215=ADVANCED_FACE('',(#169),#113,.F.);
#1216=ADVANCED_FACE('',(#170),#114,.F.);
#1217=ADVANCED_FACE('',(#171),#115,.F.);
#1218=ADVANCED_FACE('',(#172),#1173,.F.);
#1219=ADVANCED_FACE('',(#173),#116,.T.);
#1220=ADVANCED_FACE('',(#174),#117,.T.);
#1221=ADVANCED_FACE('',(#175),#1174,.T.);
#1222=ADVANCED_FACE('',(#176),#1175,.T.);
#1223=ADVANCED_FACE('',(#177),#118,.T.);
#1224=ADVANCED_FACE('',(#178),#1176,.T.);
#1225=ADVANCED_FACE('',(#179),#1177,.T.);
#1226=ADVANCED_FACE('',(#180),#119,.T.);
#1227=ADVANCED_FACE('',(#181),#120,.T.);
#1228=ADVANCED_FACE('',(#182),#1178,.F.);
#1229=ADVANCED_FACE('',(#183),#121,.T.);
#1230=ADVANCED_FACE('',(#184),#1179,.F.);
#1231=ADVANCED_FACE('',(#185),#122,.T.);
#1232=ADVANCED_FACE('',(#186),#1180,.F.);
#1233=ADVANCED_FACE('',(#187),#123,.T.);
#1234=ADVANCED_FACE('',(#188),#1181,.F.);
#1235=ADVANCED_FACE('',(#189),#124,.T.);
#1236=ADVANCED_FACE('',(#190),#125,.F.);
#1237=ADVANCED_FACE('',(#191),#1182,.T.);
#1238=ADVANCED_FACE('',(#192),#1183,.T.);
#1239=ADVANCED_FACE('',(#193),#1184,.T.);
#1240=ADVANCED_FACE('',(#194),#1185,.F.);
#1241=ADVANCED_FACE('',(#195),#1186,.F.);
#1242=ADVANCED_FACE('',(#196,#32),#126,.T.);
#1243=ADVANCED_FACE('',(#197),#1187,.T.);
#1244=ADVANCED_FACE('',(#198,#33),#1188,.F.);
#1245=ADVANCED_FACE('',(#199),#1189,.F.);
#1246=ADVANCED_FACE('',(#200,#34),#127,.T.);
#1247=ADVANCED_FACE('',(#201),#128,.F.);
#1248=ADVANCED_FACE('',(#202),#129,.F.);
#1249=ADVANCED_FACE('',(#203),#1190,.F.);
#1250=ADVANCED_FACE('',(#204),#1191,.F.);
#1251=ADVANCED_FACE('',(#205),#130,.F.);
#1252=ADVANCED_FACE('',(#206),#1192,.F.);
#1253=ADVANCED_FACE('',(#207),#1193,.F.);
#1254=ADVANCED_FACE('',(#208),#131,.F.);
#1255=ADVANCED_FACE('',(#209),#132,.F.);
#1256=ADVANCED_FACE('',(#210),#133,.F.);
#1257=ADVANCED_FACE('',(#211,#35),#1194,.T.);
#1258=ADVANCED_FACE('',(#212),#134,.T.);
#1259=ADVANCED_FACE('',(#213),#135,.F.);
#1260=ADVANCED_FACE('',(#214),#27,.T.);
#1261=ADVANCED_FACE('',(#215),#28,.T.);
#1262=ADVANCED_FACE('',(#216),#29,.T.);
#1263=ADVANCED_FACE('',(#217),#30,.T.);
#1264=ADVANCED_FACE('',(#218,#36),#136,.F.);
#1265=OPEN_SHELL('',(#1195));
#1266=OPEN_SHELL('',(#1196));
#1267=OPEN_SHELL('',(#1197));
#1268=OPEN_SHELL('',(#1198));
#1269=SHELL_BASED_SURFACE_MODEL('Body1',(#1265));
#1270=SHELL_BASED_SURFACE_MODEL('Body2',(#1266));
#1271=SHELL_BASED_SURFACE_MODEL('Body3',(#1267));
#1272=SHELL_BASED_SURFACE_MODEL('Body4',(#1268));
#1273=DERIVED_UNIT_ELEMENT(#1275,1.);
#1274=DERIVED_UNIT_ELEMENT(#2892,-3.);
#1275=(
MASS_UNIT()
NAMED_UNIT(*)
SI_UNIT(.KILO.,.GRAM.)
);
#1276=DERIVED_UNIT((#1273,#1274));
#1277=MEASURE_REPRESENTATION_ITEM('density measure',
POSITIVE_RATIO_MEASURE(7850.),#1276);
#1278=PROPERTY_DEFINITION_REPRESENTATION(#1283,#1280);
#1279=PROPERTY_DEFINITION_REPRESENTATION(#1284,#1281);
#1280=REPRESENTATION('material name',(#1282),#2889);
#1281=REPRESENTATION('density',(#1277),#2889);
#1282=DESCRIPTIVE_REPRESENTATION_ITEM('Steel','Steel');
#1283=PROPERTY_DEFINITION('material property','material name',#2904);
#1284=PROPERTY_DEFINITION('material property','density of part',#2904);
#1285=AXIS2_PLACEMENT_3D('',#1802,#1430,#1431);
#1286=AXIS2_PLACEMENT_3D('',#1803,#1432,#1433);
#1287=AXIS2_PLACEMENT_3D('',#1804,#1434,#1435);
#1288=AXIS2_PLACEMENT_3D('',#1933,#1438,#1439);
#1289=AXIS2_PLACEMENT_3D('',#2062,#1442,#1443);
#1290=AXIS2_PLACEMENT_3D('',#2191,#1446,#1447);
#1291=AXIS2_PLACEMENT_3D('',#2320,#1450,#1451);
#1292=AXIS2_PLACEMENT_3D('',#2323,#1452,#1453);
#1293=AXIS2_PLACEMENT_3D('',#2325,#1454,#1455);
#1294=AXIS2_PLACEMENT_3D('',#2327,#1456,#1457);
#1295=AXIS2_PLACEMENT_3D('',#2328,#1458,#1459);
#1296=AXIS2_PLACEMENT_3D('',#2331,#1460,#1461);
#1297=AXIS2_PLACEMENT_3D('',#2333,#1462,#1463);
#1298=AXIS2_PLACEMENT_3D('',#2335,#1464,#1465);
#1299=AXIS2_PLACEMENT_3D('',#2336,#1466,#1467);
#1300=AXIS2_PLACEMENT_3D('',#2337,#1468,#1469);
#1301=AXIS2_PLACEMENT_3D('',#2341,#1471,#1472);
#1302=AXIS2_PLACEMENT_3D('',#2343,#1474,#1475);
#1303=AXIS2_PLACEMENT_3D('',#2346,#1477,#1478);
#1304=AXIS2_PLACEMENT_3D('',#2347,#1479,#1480);
#1305=AXIS2_PLACEMENT_3D('',#2351,#1482,#1483);
#1306=AXIS2_PLACEMENT_3D('',#2353,#1485,#1486);
#1307=AXIS2_PLACEMENT_3D('',#2356,#1488,#1489);
#1308=AXIS2_PLACEMENT_3D('',#2357,#1490,#1491);
#1309=AXIS2_PLACEMENT_3D('',#2360,#1493,#1494);
#1310=AXIS2_PLACEMENT_3D('',#2361,#1495,#1496);
#1311=AXIS2_PLACEMENT_3D('',#2362,#1497,#1498);
#1312=AXIS2_PLACEMENT_3D('',#2363,#1499,#1500);
#1313=AXIS2_PLACEMENT_3D('',#2364,#1501,#1502);
#1314=AXIS2_PLACEMENT_3D('',#2366,#1503,#1504);
#1315=AXIS2_PLACEMENT_3D('',#2368,#1505,#1506);
#1316=AXIS2_PLACEMENT_3D('',#2369,#1507,#1508);
#1317=AXIS2_PLACEMENT_3D('',#2370,#1509,#1510);
#1318=AXIS2_PLACEMENT_3D('',#2372,#1511,#1512);
#1319=AXIS2_PLACEMENT_3D('',#2374,#1513,#1514);
#1320=AXIS2_PLACEMENT_3D('',#2375,#1515,#1516);
#1321=AXIS2_PLACEMENT_3D('',#2376,#1517,#1518);
#1322=AXIS2_PLACEMENT_3D('',#2377,#1519,#1520);
#1323=AXIS2_PLACEMENT_3D('',#2379,#1521,#1522);
#1324=AXIS2_PLACEMENT_3D('',#2380,#1523,#1524);
#1325=AXIS2_PLACEMENT_3D('',#2381,#1525,#1526);
#1326=AXIS2_PLACEMENT_3D('',#2382,#1527,#1528);
#1327=AXIS2_PLACEMENT_3D('',#2383,#1529,#1530);
#1328=AXIS2_PLACEMENT_3D('',#2384,#1531,#1532);
#1329=AXIS2_PLACEMENT_3D('',#2386,#1534,#1535);
#1330=AXIS2_PLACEMENT_3D('',#2387,#1536,#1537);
#1331=AXIS2_PLACEMENT_3D('',#2396,#1542,#1543);
#1332=AXIS2_PLACEMENT_3D('',#2405,#1548,#1549);
#1333=AXIS2_PLACEMENT_3D('',#2407,#1550,#1551);
#1334=AXIS2_PLACEMENT_3D('',#2410,#1553,#1554);
#1335=AXIS2_PLACEMENT_3D('',#2411,#1555,#1556);
#1336=AXIS2_PLACEMENT_3D('',#2413,#1557,#1558);
#1337=AXIS2_PLACEMENT_3D('',#2416,#1560,#1561);
#1338=AXIS2_PLACEMENT_3D('',#2417,#1562,#1563);
#1339=AXIS2_PLACEMENT_3D('',#2421,#1565,#1566);
#1340=AXIS2_PLACEMENT_3D('',#2447,#1568,#1569);
#1341=AXIS2_PLACEMENT_3D('',#2473,#1571,#1572);
#1342=AXIS2_PLACEMENT_3D('',#2500,#1575,#1576);
#1343=AXIS2_PLACEMENT_3D('',#2524,#1578,#1579);
#1344=AXIS2_PLACEMENT_3D('',#2528,#1582,#1583);
#1345=AXIS2_PLACEMENT_3D('',#2530,#1584,#1585);
#1346=AXIS2_PLACEMENT_3D('',#2532,#1587,#1588);
#1347=AXIS2_PLACEMENT_3D('',#2545,#1590,#1591);
#1348=AXIS2_PLACEMENT_3D('',#2560,#1594,#1595);
#1349=AXIS2_PLACEMENT_3D('',#2562,#1596,#1597);
#1350=AXIS2_PLACEMENT_3D('',#2564,#1599,#1600);
#1351=AXIS2_PLACEMENT_3D('',#2577,#1602,#1603);
#1352=AXIS2_PLACEMENT_3D('',#2592,#1606,#1607);
#1353=AXIS2_PLACEMENT_3D('',#2594,#1609,#1610);
#1354=AXIS2_PLACEMENT_3D('',#2596,#1612,#1613);
#1355=AXIS2_PLACEMENT_3D('',#2609,#1615,#1616);
#1356=AXIS2_PLACEMENT_3D('',#2613,#1619,#1620);
#1357=AXIS2_PLACEMENT_3D('',#2626,#1622,#1623);
#1358=AXIS2_PLACEMENT_3D('',#2628,#1624,#1625);
#1359=AXIS2_PLACEMENT_3D('',#2630,#1627,#1628);
#1360=AXIS2_PLACEMENT_3D('',#2643,#1630,#1631);
#1361=AXIS2_PLACEMENT_3D('',#2647,#1634,#1635);
#1362=AXIS2_PLACEMENT_3D('',#2658,#1636,#1637);
#1363=AXIS2_PLACEMENT_3D('',#2660,#1638,#1639);
#1364=AXIS2_PLACEMENT_3D('',#2662,#1641,#1642);
#1365=AXIS2_PLACEMENT_3D('',#2664,#1644,#1645);
#1366=AXIS2_PLACEMENT_3D('',#2665,#1646,#1647);
#1367=AXIS2_PLACEMENT_3D('',#2668,#1648,#1649);
#1368=AXIS2_PLACEMENT_3D('',#2672,#1651,#1652);
#1369=AXIS2_PLACEMENT_3D('',#2674,#1654,#1655);
#1370=AXIS2_PLACEMENT_3D('',#2676,#1656,#1657);
#1371=AXIS2_PLACEMENT_3D('',#2678,#1658,#1659);
#1372=AXIS2_PLACEMENT_3D('',#2680,#1661,#1662);
#1373=AXIS2_PLACEMENT_3D('',#2683,#1663,#1664);
#1374=AXIS2_PLACEMENT_3D('',#2687,#1666,#1667);
#1375=AXIS2_PLACEMENT_3D('',#2689,#1669,#1670);
#1376=AXIS2_PLACEMENT_3D('',#2691,#1671,#1672);
#1377=AXIS2_PLACEMENT_3D('',#2693,#1673,#1674);
#1378=AXIS2_PLACEMENT_3D('',#2695,#1676,#1677);
#1379=AXIS2_PLACEMENT_3D('',#2697,#1678,#1679);
#1380=AXIS2_PLACEMENT_3D('',#2698,#1680,#1681);
#1381=AXIS2_PLACEMENT_3D('',#2700,#1682,#1683);
#1382=AXIS2_PLACEMENT_3D('',#2701,#1684,#1685);
#1383=AXIS2_PLACEMENT_3D('',#2702,#1686,#1687);
#1384=AXIS2_PLACEMENT_3D('',#2704,#1688,#1689);
#1385=AXIS2_PLACEMENT_3D('',#2706,#1691,#1692);
#1386=AXIS2_PLACEMENT_3D('',#2708,#1693,#1694);
#1387=AXIS2_PLACEMENT_3D('',#2736,#1697,#1698);
#1388=AXIS2_PLACEMENT_3D('',#2762,#1700,#1701);
#1389=AXIS2_PLACEMENT_3D('',#2766,#1703,#1704);
#1390=AXIS2_PLACEMENT_3D('',#2769,#1706,#1707);
#1391=AXIS2_PLACEMENT_3D('',#2770,#1708,#1709);
#1392=AXIS2_PLACEMENT_3D('',#2771,#1710,#1711);
#1393=AXIS2_PLACEMENT_3D('',#2772,#1712,#1713);
#1394=AXIS2_PLACEMENT_3D('',#2773,#1714,#1715);
#1395=AXIS2_PLACEMENT_3D('',#2774,#1716,#1717);
#1396=AXIS2_PLACEMENT_3D('',#2780,#1721,#1722);
#1397=AXIS2_PLACEMENT_3D('',#2782,#1723,#1724);
#1398=AXIS2_PLACEMENT_3D('',#2784,#1726,#1727);
#1399=AXIS2_PLACEMENT_3D('',#2797,#1729,#1730);
#1400=AXIS2_PLACEMENT_3D('',#2812,#1733,#1734);
#1401=AXIS2_PLACEMENT_3D('',#2814,#1735,#1736);
#1402=AXIS2_PLACEMENT_3D('',#2816,#1738,#1739);
#1403=AXIS2_PLACEMENT_3D('',#2829,#1741,#1742);
#1404=AXIS2_PLACEMENT_3D('',#2844,#1745,#1746);
#1405=AXIS2_PLACEMENT_3D('',#2846,#1748,#1749);
#1406=AXIS2_PLACEMENT_3D('',#2848,#1751,#1752);
#1407=AXIS2_PLACEMENT_3D('',#2850,#1753,#1754);
#1408=AXIS2_PLACEMENT_3D('',#2852,#1756,#1757);
#1409=AXIS2_PLACEMENT_3D('',#2854,#1758,#1759);
#1410=AXIS2_PLACEMENT_3D('',#2856,#1761,#1762);
#1411=AXIS2_PLACEMENT_3D('',#2858,#1764,#1765);
#1412=AXIS2_PLACEMENT_3D('',#2859,#1766,#1767);
#1413=AXIS2_PLACEMENT_3D('',#2862,#1768,#1769);
#1414=AXIS2_PLACEMENT_3D('',#2864,#1770,#1771);
#1415=AXIS2_PLACEMENT_3D('',#2866,#1772,#1773);
#1416=AXIS2_PLACEMENT_3D('',#2867,#1774,#1775);
#1417=AXIS2_PLACEMENT_3D('',#2868,#1776,#1777);
#1418=AXIS2_PLACEMENT_3D('',#2871,#1778,#1779);
#1419=AXIS2_PLACEMENT_3D('',#2872,#1780,#1781);
#1420=AXIS2_PLACEMENT_3D('',#2873,#1782,#1783);
#1421=AXIS2_PLACEMENT_3D('',#2874,#1784,#1785);
#1422=AXIS2_PLACEMENT_3D('',#2877,#1786,#1787);
#1423=AXIS2_PLACEMENT_3D('',#2878,#1788,#1789);
#1424=AXIS2_PLACEMENT_3D('',#2879,#1790,#1791);
#1425=AXIS2_PLACEMENT_3D('',#2880,#1792,#1793);
#1426=AXIS2_PLACEMENT_3D('',#2881,#1794,#1795);
#1427=AXIS2_PLACEMENT_3D('',#2882,#1796,#1797);
#1428=AXIS2_PLACEMENT_3D('',#2883,#1798,#1799);
#1429=AXIS2_PLACEMENT_3D('',#2884,#1800,#1801);
#1430=DIRECTION('axis',(0.,0.,1.));
#1431=DIRECTION('refdir',(1.,0.,0.));
#1432=DIRECTION('axis',(0.,0.,1.));
#1433=DIRECTION('refdir',(1.,0.,0.));
#1434=DIRECTION('center_axis',(0.,-1.,0.));
#1435=DIRECTION('ref_axis',(-1.,0.,-1.E-15));
#1436=DIRECTION('',(0.,-1.,0.));
#1437=DIRECTION('',(0.,-1.,0.));
#1438=DIRECTION('center_axis',(0.,-1.,0.));
#1439=DIRECTION('ref_axis',(1.,0.,1.21E-15));
#1440=DIRECTION('',(0.,-1.,0.));
#1441=DIRECTION('',(0.,-1.,0.));
#1442=DIRECTION('center_axis',(0.,-1.,0.));
#1443=DIRECTION('ref_axis',(-1.E-15,0.,1.));
#1444=DIRECTION('',(0.,-1.,0.));
#1445=DIRECTION('',(0.,-1.,0.));
#1446=DIRECTION('center_axis',(0.,-1.,0.));
#1447=DIRECTION('ref_axis',(-8.E-16,0.,1.));
#1448=DIRECTION('',(0.,-1.,0.));
#1449=DIRECTION('',(0.,-1.,0.));
#1450=DIRECTION('center_axis',(0.,0.,-1.));
#1451=DIRECTION('ref_axis',(-1.,0.,0.));
#1452=DIRECTION('center_axis',(0.,0.,1.));
#1453=DIRECTION('ref_axis',(0.999999999999998,6.66666709427899E-8,0.));
#1454=DIRECTION('center_axis',(0.,0.,1.));
#1455=DIRECTION('ref_axis',(0.707106696918043,0.707106865455042,0.));
#1456=DIRECTION('center_axis',(0.,0.,1.));
#1457=DIRECTION('ref_axis',(-0.707106753280047,0.707106809093047,0.));
#1458=DIRECTION('center_axis',(0.,0.,1.));
#1459=DIRECTION('ref_axis',(-0.999999999999997,7.26804826479098E-8,0.));
#1460=DIRECTION('center_axis',(0.,0.,-1.));
#1461=DIRECTION('ref_axis',(-0.999999999999997,7.26804826479098E-8,0.));
#1462=DIRECTION('center_axis',(0.,0.,-1.));
#1463=DIRECTION('ref_axis',(-0.707106753280047,0.707106809093047,0.));
#1464=DIRECTION('center_axis',(0.,0.,-1.));
#1465=DIRECTION('ref_axis',(0.707106696918043,0.707106865455043,0.));
#1466=DIRECTION('center_axis',(0.,0.,-1.));
#1467=DIRECTION('ref_axis',(0.999999999999998,6.66666709427899E-8,0.));
#1468=DIRECTION('center_axis',(1.35034917080199E-61,-7.39557098644699E-32,
-1.));
#1469=DIRECTION('ref_axis',(-0.707106753280047,0.707106809093047,-5.22945860164765E-32));
#1470=DIRECTION('',(1.35034917080199E-61,-7.39557098644699E-32,-1.));
#1471=DIRECTION('center_axis',(1.35034917080199E-61,-7.39557098644699E-32,
-1.));
#1472=DIRECTION('ref_axis',(-0.707106753280047,0.707106809093047,-5.22945860164765E-32));
#1473=DIRECTION('',(0.,0.,1.));
#1474=DIRECTION('center_axis',(1.35034917080199E-61,-7.39557098644699E-32,
-1.));
#1475=DIRECTION('ref_axis',(-0.999999999999997,7.26804826479098E-8,-5.37513668751846E-39));
#1476=DIRECTION('',(0.,0.,1.));
#1477=DIRECTION('center_axis',(1.35034917080199E-61,-7.39557098644699E-32,
-1.));
#1478=DIRECTION('ref_axis',(-0.999999999999997,7.26804826479098E-8,-5.37513668751846E-39));
#1479=DIRECTION('center_axis',(1.35034917080199E-61,-7.39557098644699E-32,
-1.));
#1480=DIRECTION('ref_axis',(-0.999999999999997,7.26804826479098E-8,-5.37513668751846E-39));
#1481=DIRECTION('',(0.,0.,-1.));
#1482=DIRECTION('center_axis',(1.35034917080199E-61,-7.39557098644699E-32,
-1.));
#1483=DIRECTION('ref_axis',(-0.999999999999997,7.26804826479098E-8,-5.37513668751846E-39));
#1484=DIRECTION('',(0.,0.,-1.));
#1485=DIRECTION('center_axis',(1.35034917080199E-61,-7.39557098644699E-32,
-1.));
#1486=DIRECTION('ref_axis',(-0.707106753280047,0.707106809093047,-5.22945860164765E-32));
#1487=DIRECTION('',(0.,0.,-1.));
#1488=DIRECTION('center_axis',(1.35034917080199E-61,-7.39557098644699E-32,
-1.));
#1489=DIRECTION('ref_axis',(-0.707106753280047,0.707106809093047,-5.22945860164765E-32));
#1490=DIRECTION('center_axis',(1.35034917080199E-61,-7.39557098644699E-32,
-1.));
#1491=DIRECTION('ref_axis',(-6.84461236497693E-17,-1.,7.39557098644699E-32));
#1492=DIRECTION('',(0.,0.,1.));
#1493=DIRECTION('center_axis',(1.35034917080199E-61,-7.39557098644699E-32,
-1.));
#1494=DIRECTION('ref_axis',(0.999999999999998,6.66666709427899E-8,-4.93038097387505E-39));
#1495=DIRECTION('center_axis',(1.35034917080199E-61,-7.39557098644699E-32,
-1.));
#1496=DIRECTION('ref_axis',(0.707106696918043,0.707106865455043,-5.22945901847679E-32));
#1497=DIRECTION('center_axis',(1.35034917080199E-61,-7.39557098644699E-32,
-1.));
#1498=DIRECTION('ref_axis',(0.707106696918043,0.707106865455043,-5.22945901847679E-32));
#1499=DIRECTION('center_axis',(-1.35034917080199E-61,7.39557098644699E-32,
1.));
#1500=DIRECTION('ref_axis',(1.,2.34440304640522E-30,-3.83470744251248E-62));
#1501=DIRECTION('center_axis',(1.35034917080199E-61,-7.39557098644699E-32,
-1.));
#1502=DIRECTION('ref_axis',(-0.707106753280046,0.707106809093048,0.));
#1503=DIRECTION('center_axis',(-0.707106743478913,-0.70710681889418,5.22945867413262E-32));
#1504=DIRECTION('ref_axis',(0.70710681889418,-0.707106743478913,5.22945811639366E-32));
#1505=DIRECTION('center_axis',(0.707106837274021,-0.70710672509907,5.22945798046423E-32));
#1506=DIRECTION('ref_axis',(-0.70710672509907,-0.707106837274021,5.22945881006204E-32));
#1507=DIRECTION('center_axis',(1.35034917080199E-61,-7.39557098644699E-32,
-1.));
#1508=DIRECTION('ref_axis',(-0.707106753280047,0.707106809093047,-5.22945860164765E-32));
#1509=DIRECTION('center_axis',(1.35034917080199E-61,-7.39557098644699E-32,
-1.));
#1510=DIRECTION('ref_axis',(0.707106696918043,0.707106865455042,0.));
#1511=DIRECTION('center_axis',(1.35034917080199E-61,-7.39557098644699E-32,
-1.));
#1512=DIRECTION('ref_axis',(0.707106696918043,0.707106865455043,-5.22945901847679E-32));
#1513=DIRECTION('center_axis',(1.35034917080199E-61,-7.39557098644699E-32,
-1.));
#1514=DIRECTION('ref_axis',(0.707106696918042,0.707106865455043,-5.22945901847679E-32));
#1515=DIRECTION('center_axis',(1.75011101531508E-8,-1.,7.39557098644698E-32));
#1516=DIRECTION('ref_axis',(-1.,-1.75011101531508E-8,1.29430702479255E-39));
#1517=DIRECTION('center_axis',(1.35034917080199E-61,-7.39557098644699E-32,
-1.));
#1518=DIRECTION('ref_axis',(-1.27299234968391E-9,-1.,0.));
#1519=DIRECTION('center_axis',(1.35034917080199E-61,-7.39557098644699E-32,
-1.));
#1520=DIRECTION('ref_axis',(0.999999999999998,6.66666709427899E-8,-4.93038097387505E-39));
#1521=DIRECTION('center_axis',(6.9673327858097E-8,0.999999999999998,-7.39557098644697E-32));
#1522=DIRECTION('ref_axis',(0.999999999999997,-6.9673327858097E-8,5.15274042036551E-39));
#1523=DIRECTION('center_axis',(1.35034917080199E-61,-7.39557098644699E-32,
-1.));
#1524=DIRECTION('ref_axis',(0.999999999999998,6.66666709427899E-8,-4.93038097387505E-39));
#1525=DIRECTION('center_axis',(1.35034917080199E-61,-7.39557098644699E-32,
-1.));
#1526=DIRECTION('ref_axis',(-0.999999999999997,7.2680482601326E-8,0.));
#1527=DIRECTION('center_axis',(1.35034917080199E-61,-7.39557098644699E-32,
-1.));
#1528=DIRECTION('ref_axis',(-0.999999999999997,7.26804826479098E-8,-5.37513668751846E-39));
#1529=DIRECTION('center_axis',(-1.35034917080199E-61,7.39557098644699E-32,
1.));
#1530=DIRECTION('ref_axis',(1.,2.34440304640522E-30,-3.83470744251248E-62));
#1531=DIRECTION('center_axis',(1.35034917080199E-61,-7.39557098644699E-32,
-1.));
#1532=DIRECTION('ref_axis',(0.707106696918043,0.707106865455042,-5.22945901847678E-32));
#1533=DIRECTION('',(0.,0.,1.));
#1534=DIRECTION('center_axis',(1.35034917080199E-61,-7.39557098644699E-32,
-1.));
#1535=DIRECTION('ref_axis',(-5.67952203228782E-9,-1.,7.39557098644699E-32));
#1536=DIRECTION('center_axis',(-1.,0.,0.));
#1537=DIRECTION('ref_axis',(0.,1.,0.));
#1538=DIRECTION('',(-1.35034917080199E-61,7.39557098644699E-32,1.));
#1539=DIRECTION('',(0.,1.,0.));
#1540=DIRECTION('',(0.,0.,-1.));
#1541=DIRECTION('',(0.,-1.,0.));
#1542=DIRECTION('center_axis',(1.,0.,0.));
#1543=DIRECTION('ref_axis',(0.,-1.,0.));
#1544=DIRECTION('',(0.,0.,1.));
#1545=DIRECTION('',(0.,-1.,0.));
#1546=DIRECTION('',(1.35034917080199E-61,-7.39557098644699E-32,-1.));
#1547=DIRECTION('',(0.,-1.,0.));
#1548=DIRECTION('center_axis',(0.,0.,-1.));
#1549=DIRECTION('ref_axis',(-1.,0.,0.));
#1550=DIRECTION('center_axis',(0.,0.,1.));
#1551=DIRECTION('ref_axis',(0.999999999999998,6.66666709427899E-8,0.));
#1552=DIRECTION('',(0.,1.,0.));
#1553=DIRECTION('center_axis',(0.,0.,-1.));
#1554=DIRECTION('ref_axis',(0.999999999999998,6.66666709427899E-8,0.));
#1555=DIRECTION('center_axis',(0.,0.,-1.));
#1556=DIRECTION('ref_axis',(-1.,0.,0.));
#1557=DIRECTION('center_axis',(0.,0.,-1.));
#1558=DIRECTION('ref_axis',(0.999999999999998,6.66666709427899E-8,0.));
#1559=DIRECTION('',(0.,-1.,0.));
#1560=DIRECTION('center_axis',(0.,0.,1.));
#1561=DIRECTION('ref_axis',(0.999999999999998,6.66666709427899E-8,0.));
#1562=DIRECTION('center_axis',(0.,0.,1.));
#1563=DIRECTION('ref_axis',(0.999999999999998,6.66666709427899E-8,0.));
#1564=DIRECTION('',(0.,0.,1.));
#1565=DIRECTION('center_axis',(-2.E-17,-4.E-17,1.));
#1566=DIRECTION('ref_axis',(0.999999999999998,6.66666709427899E-8,2.00000026666668E-17));
#1567=DIRECTION('',(0.,0.,-1.));
#1568=DIRECTION('center_axis',(0.,0.,-1.));
#1569=DIRECTION('ref_axis',(0.999999999999998,6.66666709427899E-8,0.));
#1570=DIRECTION('',(0.,0.,1.));
#1571=DIRECTION('center_axis',(-2.E-17,-4.E-17,1.));
#1572=DIRECTION('ref_axis',(0.999999999999998,6.66666709427899E-8,2.00000026666668E-17));
#1573=DIRECTION('',(0.,0.,-1.));
#1574=DIRECTION('',(0.,0.,-1.));
#1575=DIRECTION('center_axis',(3.E-17,0.,1.));
#1576=DIRECTION('ref_axis',(0.999999999999998,6.66666709427899E-8,-2.99999999999999E-17));
#1577=DIRECTION('',(0.,0.,1.));
#1578=DIRECTION('center_axis',(1.,0.,0.));
#1579=DIRECTION('ref_axis',(0.,-1.,0.));
#1580=DIRECTION('',(1.35034917080199E-61,-7.39557098644699E-32,-1.));
#1581=DIRECTION('',(0.,-1.,0.));
#1582=DIRECTION('center_axis',(2.E-17,4.E-17,-1.));
#1583=DIRECTION('ref_axis',(0.,-1.,-4.E-17));
#1584=DIRECTION('center_axis',(2.E-17,4.E-17,-1.));
#1585=DIRECTION('ref_axis',(0.999999999999998,6.66666709427899E-8,2.00000026666668E-17));
#1586=DIRECTION('',(0.,-1.,0.));
#1587=DIRECTION('center_axis',(0.,-1.,0.));
#1588=DIRECTION('ref_axis',(-1.,0.,0.));
#1589=DIRECTION('',(0.,-1.,0.));
#1590=DIRECTION('center_axis',(0.,-1.,0.));
#1591=DIRECTION('ref_axis',(0.,0.,1.));
#1592=DIRECTION('',(0.,-1.,0.));
#1593=DIRECTION('',(0.,-1.,0.));
#1594=DIRECTION('center_axis',(0.,0.,1.));
#1595=DIRECTION('ref_axis',(1.,0.,0.));
#1596=DIRECTION('center_axis',(0.,0.,1.));
#1597=DIRECTION('ref_axis',(0.999999999999998,6.66666709427899E-8,0.));
#1598=DIRECTION('',(0.,-1.,0.));
#1599=DIRECTION('center_axis',(0.,1.,0.));
#1600=DIRECTION('ref_axis',(0.,0.,1.));
#1601=DIRECTION('',(0.,-1.,0.));
#1602=DIRECTION('center_axis',(0.,1.,0.));
#1603=DIRECTION('ref_axis',(1.,0.,1.7E-16));
#1604=DIRECTION('',(0.,1.,0.));
#1605=DIRECTION('',(0.,1.,0.));
#1606=DIRECTION('center_axis',(1.,-1.1E-16,-3.5E-16));
#1607=DIRECTION('ref_axis',(3.5E-16,0.,1.));
#1608=DIRECTION('',(1.35034917080199E-61,-7.39557098644699E-32,-1.));
#1609=DIRECTION('center_axis',(-1.,8.E-17,-4.4E-16));
#1610=DIRECTION('ref_axis',(4.4E-16,0.,-1.));
#1611=DIRECTION('',(-1.35034917080199E-61,7.39557098644699E-32,1.));
#1612=DIRECTION('center_axis',(0.,-1.,0.));
#1613=DIRECTION('ref_axis',(1.,0.,1.21E-15));
#1614=DIRECTION('',(0.,-1.,0.));
#1615=DIRECTION('center_axis',(-1.,0.,1.2E-16));
#1616=DIRECTION('ref_axis',(-1.2E-16,2.1E-16,-1.));
#1617=DIRECTION('',(-1.35034917080199E-61,7.39557098644699E-32,1.));
#1618=DIRECTION('',(0.,-1.,0.));
#1619=DIRECTION('center_axis',(0.,-1.,0.));
#1620=DIRECTION('ref_axis',(-8.E-16,0.,1.));
#1621=DIRECTION('',(0.,-1.,0.));
#1622=DIRECTION('center_axis',(-3.E-17,0.,-1.));
#1623=DIRECTION('ref_axis',(1.,5.E-17,-3.E-17));
#1624=DIRECTION('center_axis',(-3.E-17,0.,-1.));
#1625=DIRECTION('ref_axis',(0.999999999999998,6.66666709427899E-8,-2.99999999999999E-17));
#1626=DIRECTION('',(0.,-1.,0.));
#1627=DIRECTION('center_axis',(0.,-1.,0.));
#1628=DIRECTION('ref_axis',(-1.E-15,0.,1.));
#1629=DIRECTION('',(0.,-1.,0.));
#1630=DIRECTION('center_axis',(1.,0.,2.E-17));
#1631=DIRECTION('ref_axis',(-2.E-17,-3.E-17,1.));
#1632=DIRECTION('',(1.35034917080199E-61,-7.39557098644699E-32,-1.));
#1633=DIRECTION('',(0.,-1.,0.));
#1634=DIRECTION('center_axis',(0.,-1.,0.));
#1635=DIRECTION('ref_axis',(-1.,0.,-1.E-15));
#1636=DIRECTION('center_axis',(2.E-17,4.E-17,-1.));
#1637=DIRECTION('ref_axis',(0.,-1.,-4.E-17));
#1638=DIRECTION('center_axis',(2.E-17,4.E-17,-1.));
#1639=DIRECTION('ref_axis',(0.999999999999998,6.66666709427899E-8,2.00000026666668E-17));
#1640=DIRECTION('',(0.,-1.,0.));
#1641=DIRECTION('center_axis',(1.,0.,0.));
#1642=DIRECTION('ref_axis',(0.,-1.,0.));
#1643=DIRECTION('',(-1.35034917080199E-61,7.39557098644699E-32,1.));
#1644=DIRECTION('center_axis',(1.35034917080199E-61,-7.39557098644699E-32,
-1.));
#1645=DIRECTION('ref_axis',(0.999999999999998,6.66666709427899E-8,-4.93038097387505E-39));
#1646=DIRECTION('center_axis',(1.35034917080199E-61,-7.39557098644699E-32,
-1.));
#1647=DIRECTION('ref_axis',(-0.999999999999997,7.26804826479098E-8,-5.37513668751846E-39));
#1648=DIRECTION('center_axis',(0.,0.,1.));
#1649=DIRECTION('ref_axis',(-0.999999999999997,7.26804826479098E-8,0.));
#1650=DIRECTION('',(0.,0.,-1.));
#1651=DIRECTION('center_axis',(-1.97671330694199E-62,-1.97671383974826E-62,
1.));
#1652=DIRECTION('ref_axis',(-0.70710687648384,0.707106685889242,-2.37494635265097E-77));
#1653=DIRECTION('',(0.,0.,-1.));
#1654=DIRECTION('center_axis',(1.35034917080199E-61,-7.39557098644699E-32,
-1.));
#1655=DIRECTION('ref_axis',(-0.707106753280047,0.707106809093047,-5.22945860164765E-32));
#1656=DIRECTION('center_axis',(0.,0.,1.));
#1657=DIRECTION('ref_axis',(-0.707106753280047,0.707106809093047,0.));
#1658=DIRECTION('center_axis',(-1.50075253561777E-63,-1.50075267656523E-63,
1.));
#1659=DIRECTION('ref_axis',(0.707106747981572,0.707106814391522,2.12238468930137E-63));
#1660=DIRECTION('',(0.,0.,-1.));
#1661=DIRECTION('center_axis',(1.35034917080199E-61,-7.39557098644699E-32,
-1.));
#1662=DIRECTION('ref_axis',(-0.707106753280047,0.707106809093047,-5.22945860164765E-32));
#1663=DIRECTION('center_axis',(0.,0.,-1.));
#1664=DIRECTION('ref_axis',(-0.707106753280047,0.707106809093047,0.));
#1665=DIRECTION('',(0.,0.,1.));
#1666=DIRECTION('center_axis',(7.74115379449517E-48,7.7411531834794E-48,
-1.));
#1667=DIRECTION('ref_axis',(0.70710675328028,0.707106809092814,1.09476442525376E-47));
#1668=DIRECTION('',(1.35034917080199E-61,-7.39557098644699E-32,-1.));
#1669=DIRECTION('center_axis',(1.35034917080199E-61,-7.39557098644699E-32,
-1.));
#1670=DIRECTION('ref_axis',(-0.999999999999997,7.26804826479098E-8,-5.37513668751846E-39));
#1671=DIRECTION('center_axis',(0.,0.,-1.));
#1672=DIRECTION('ref_axis',(-0.999999999999997,7.26804826479098E-8,0.));
#1673=DIRECTION('center_axis',(-9.10293152390425E-64,9.10292893713775E-64,
-1.));
#1674=DIRECTION('ref_axis',(-0.707106881655295,0.707106680717785,1.2873487389339E-63));
#1675=DIRECTION('',(0.,0.,1.));
#1676=DIRECTION('center_axis',(-1.50075253561777E-63,-1.50075267656523E-63,
1.));
#1677=DIRECTION('ref_axis',(-1.,0.,-1.50075253561777E-63));
#1678=DIRECTION('center_axis',(-1.43138375496557E-47,9.57896715991608E-55,
1.));
#1679=DIRECTION('ref_axis',(-0.999999999999998,6.69210274790805E-8,-1.43138375496557E-47));
#1680=DIRECTION('center_axis',(-3.24521217946719E-55,-1.09476442525376E-47,
1.));
#1681=DIRECTION('ref_axis',(0.999999999999999,-2.96430149484125E-8,3.57188443856152E-62));
#1682=DIRECTION('center_axis',(0.,0.,-1.));
#1683=DIRECTION('ref_axis',(-0.999999999999998,6.66666703908385E-8,0.));
#1684=DIRECTION('center_axis',(1.54823069779745E-47,1.84508715307488E-54,
-1.));
#1685=DIRECTION('ref_axis',(0.999999999999999,-3.16644492497326E-8,1.54823069779744E-47));
#1686=DIRECTION('center_axis',(1.35034917080199E-61,-7.39557098644699E-32,
-1.));
#1687=DIRECTION('ref_axis',(0.707106696918043,0.707106865455042,-5.22945901847678E-32));
#1688=DIRECTION('center_axis',(0.,0.,1.));
#1689=DIRECTION('ref_axis',(0.707106696918043,0.707106865455042,0.));
#1690=DIRECTION('',(0.,0.,1.));
#1691=DIRECTION('center_axis',(1.35034917080199E-61,-7.39557098644699E-32,
-1.));
#1692=DIRECTION('ref_axis',(-6.84461236497693E-17,-1.,7.39557098644699E-32));
#1693=DIRECTION('center_axis',(0.,0.,-1.));
#1694=DIRECTION('ref_axis',(0.999999999999998,6.66666709427899E-8,0.));
#1695=DIRECTION('',(0.,0.,1.));
#1696=DIRECTION('',(-1.35034917080199E-61,7.39557098644699E-32,1.));
#1697=DIRECTION('center_axis',(0.,0.,-1.));
#1698=DIRECTION('ref_axis',(0.999999999999998,6.66666709427899E-8,0.));
#1699=DIRECTION('',(0.,0.,-1.));
#1700=DIRECTION('center_axis',(-2.E-17,-4.E-17,1.));
#1701=DIRECTION('ref_axis',(0.999999999999998,6.66666709427899E-8,2.00000026666668E-17));
#1702=DIRECTION('',(0.,0.,1.));
#1703=DIRECTION('center_axis',(0.,0.,1.));
#1704=DIRECTION('ref_axis',(0.999999999999998,6.66666709427899E-8,0.));
#1705=DIRECTION('',(0.,0.,-1.));
#1706=DIRECTION('center_axis',(-2.E-17,-4.E-17,1.));
#1707=DIRECTION('ref_axis',(0.999999999999998,6.66666709427899E-8,2.00000026666668E-17));
#1708=DIRECTION('center_axis',(1.35034917080199E-61,-7.39557098644699E-32,
-1.));
#1709=DIRECTION('ref_axis',(0.707106696918043,0.707106865455043,-5.22945901847679E-32));
#1710=DIRECTION('center_axis',(0.,0.,-1.));
#1711=DIRECTION('ref_axis',(0.707106696918043,0.707106865455043,0.));
#1712=DIRECTION('center_axis',(0.,0.,-1.));
#1713=DIRECTION('ref_axis',(-1.,0.,0.));
#1714=DIRECTION('center_axis',(0.,0.,1.));
#1715=DIRECTION('ref_axis',(0.999999999999998,6.66666709427899E-8,0.));
#1716=DIRECTION('center_axis',(1.,0.,0.));
#1717=DIRECTION('ref_axis',(0.,-1.,0.));
#1718=DIRECTION('',(0.,1.,0.));
#1719=DIRECTION('',(0.,-1.,0.));
#1720=DIRECTION('',(1.35034917080199E-61,-7.39557098644699E-32,-1.));
#1721=DIRECTION('center_axis',(2.E-17,4.E-17,-1.));
#1722=DIRECTION('ref_axis',(0.,-1.,-4.E-17));
#1723=DIRECTION('center_axis',(2.E-17,4.E-17,-1.));
#1724=DIRECTION('ref_axis',(0.999999999999998,6.66666709427899E-8,2.00000026666668E-17));
#1725=DIRECTION('',(0.,-1.,0.));
#1726=DIRECTION('center_axis',(0.,-1.,0.));
#1727=DIRECTION('ref_axis',(-1.,0.,0.));
#1728=DIRECTION('',(0.,-1.,0.));
#1729=DIRECTION('center_axis',(0.,-1.,0.));
#1730=DIRECTION('ref_axis',(0.,0.,1.));
#1731=DIRECTION('',(0.,-1.,0.));
#1732=DIRECTION('',(0.,-1.,0.));
#1733=DIRECTION('center_axis',(0.,0.,1.));
#1734=DIRECTION('ref_axis',(1.,0.,0.));
#1735=DIRECTION('center_axis',(0.,0.,1.));
#1736=DIRECTION('ref_axis',(0.999999999999998,6.66666709427899E-8,0.));
#1737=DIRECTION('',(0.,-1.,0.));
#1738=DIRECTION('center_axis',(0.,1.,0.));
#1739=DIRECTION('ref_axis',(0.,0.,1.));
#1740=DIRECTION('',(0.,-1.,0.));
#1741=DIRECTION('center_axis',(0.,1.,0.));
#1742=DIRECTION('ref_axis',(1.,0.,1.7E-16));
#1743=DIRECTION('',(0.,1.,0.));
#1744=DIRECTION('',(0.,1.,0.));
#1745=DIRECTION('center_axis',(1.,-1.1E-16,-3.5E-16));
#1746=DIRECTION('ref_axis',(3.5E-16,0.,1.));
#1747=DIRECTION('',(1.35034917080199E-61,-7.39557098644699E-32,-1.));
#1748=DIRECTION('center_axis',(-1.,8.E-17,-4.4E-16));
#1749=DIRECTION('ref_axis',(4.4E-16,0.,-1.));
#1750=DIRECTION('',(-1.35034917080199E-61,7.39557098644699E-32,1.));
#1751=DIRECTION('center_axis',(2.E-17,4.E-17,-1.));
#1752=DIRECTION('ref_axis',(0.,-1.,-4.E-17));
#1753=DIRECTION('center_axis',(2.E-17,4.E-17,-1.));
#1754=DIRECTION('ref_axis',(0.999999999999998,6.66666709427899E-8,2.00000026666668E-17));
#1755=DIRECTION('',(0.,-1.,0.));
#1756=DIRECTION('center_axis',(1.35034917080199E-61,-7.39557098644699E-32,
-1.));
#1757=DIRECTION('ref_axis',(-5.67952181024321E-9,-1.,7.39557098644699E-32));
#1758=DIRECTION('center_axis',(0.,0.,-1.));
#1759=DIRECTION('ref_axis',(0.999999999999998,6.66666709427899E-8,0.));
#1760=DIRECTION('',(-1.35034917080199E-61,7.39557098644699E-32,1.));
#1761=DIRECTION('center_axis',(1.,0.,0.));
#1762=DIRECTION('ref_axis',(0.,-1.,0.));
#1763=DIRECTION('',(0.,-1.,0.));
#1764=DIRECTION('center_axis',(0.,0.,-1.));
#1765=DIRECTION('ref_axis',(-1.,0.,0.));
#1766=DIRECTION('center_axis',(-1.43138375496558E-47,3.06709820123284E-56,
1.));
#1767=DIRECTION('ref_axis',(-2.01557178789009E-9,-1.,0.));
#1768=DIRECTION('center_axis',(2.14502193784937E-9,-0.999999999999999,4.77775892000318E-8));
#1769=DIRECTION('ref_axis',(0.666666666666646,3.70413270426774E-8,0.745355992499948));
#1770=DIRECTION('center_axis',(0.,0.,-1.));
#1771=DIRECTION('ref_axis',(-0.999999999999998,6.66666703908385E-8,0.));
#1772=DIRECTION('center_axis',(-6.8913485288297E-8,-0.999999999999998,2.00961073532241E-9));
#1773=DIRECTION('ref_axis',(0.666666666670198,-4.44444481216164E-8,0.74535599249677));
#1774=DIRECTION('center_axis',(-1.43138375496557E-47,9.57896715991608E-55,
1.));
#1775=DIRECTION('ref_axis',(-0.999999999999998,6.69210274790805E-8,-1.43138375496557E-47));
#1776=DIRECTION('center_axis',(-3.5397784325327E-55,-1.09476442525376E-47,
1.));
#1777=DIRECTION('ref_axis',(-1.,3.23336996524377E-8,0.));
#1778=DIRECTION('center_axis',(0.70710683943709,-0.707106722936,2.94407147682683E-8));
#1779=DIRECTION('ref_axis',(0.47140446644134,0.471404575141972,0.745355992499136));
#1780=DIRECTION('center_axis',(1.54823069779745E-47,1.84508715307488E-54,
-1.));
#1781=DIRECTION('ref_axis',(0.999999999999999,-3.16644492497326E-8,1.54823069779744E-47));
#1782=DIRECTION('center_axis',(-3.24521217946719E-55,-1.09476442525376E-47,
1.));
#1783=DIRECTION('ref_axis',(0.999999999999999,-2.96430149484125E-8,3.57188443856152E-62));
#1784=DIRECTION('center_axis',(6.58719690844167E-71,9.10292827841777E-64,
-1.));
#1785=DIRECTION('ref_axis',(0.999999999999997,-7.23634932760665E-8,0.));
#1786=DIRECTION('center_axis',(-0.707106765184915,-0.707106797188172,1.06843401154613E-7));
#1787=DIRECTION('ref_axis',(0.471404587770192,-0.471404453811854,0.745355992499935));
#1788=DIRECTION('center_axis',(-1.97671330694199E-62,-1.97671383974826E-62,
1.));
#1789=DIRECTION('ref_axis',(-0.70710687648384,0.707106685889242,-2.37494635265097E-77));
#1790=DIRECTION('center_axis',(-9.10293152390425E-64,9.10292893713775E-64,
-1.));
#1791=DIRECTION('ref_axis',(-0.707106881655295,0.707106680717785,1.2873487389339E-63));
#1792=DIRECTION('center_axis',(9.81059222799638E-72,-9.81059143487259E-72,
1.));
#1793=DIRECTION('ref_axis',(0.999999999999997,7.54221036326924E-8,0.));
#1794=DIRECTION('center_axis',(7.74115379449517E-48,7.7411531834794E-48,
-1.));
#1795=DIRECTION('ref_axis',(0.70710675328028,0.707106809092814,1.09476442525376E-47));
#1796=DIRECTION('center_axis',(-1.50075253561777E-63,-1.50075267656523E-63,
1.));
#1797=DIRECTION('ref_axis',(0.707106747981572,0.707106814391522,2.12238468930137E-63));
#1798=DIRECTION('center_axis',(-1.50075253561777E-63,-1.50075267656523E-63,
1.));
#1799=DIRECTION('ref_axis',(-1.,0.,-1.50075253561777E-63));
#1800=DIRECTION('',(1.55728791514725E-17,-1.26051510176324E-18,1.));
#1801=DIRECTION('',(0.999999999999996,6.66133814775094E-16,-3.0357660829594E-17));
#1802=CARTESIAN_POINT('',(0.,0.,0.));
#1803=CARTESIAN_POINT('',(0.,0.,0.));
#1804=CARTESIAN_POINT('Origin',(146.8,-123.5,2.895));
#1805=CARTESIAN_POINT('',(145.695,-127.213569813793,2.895));
#1806=CARTESIAN_POINT('',(146.8,-127.41505276882,1.79));
#1807=CARTESIAN_POINT('Ctrl Pts',(145.695,-127.213569813793,2.895));
#1808=CARTESIAN_POINT('Ctrl Pts',(145.695,-127.213569813793,2.86326962260427));
#1809=CARTESIAN_POINT('Ctrl Pts',(145.696370793469,-127.213868747673,2.83107195990994));
#1810=CARTESIAN_POINT('Ctrl Pts',(145.699208590467,-127.214464742533,2.7986502584369));
#1811=CARTESIAN_POINT('Ctrl Pts',(145.702022918074,-127.215055808345,2.76649669369785));
#1812=CARTESIAN_POINT('Ctrl Pts',(145.706280260444,-127.215939041897,2.73412341400157));
#1813=CARTESIAN_POINT('Ctrl Pts',(145.712024485318,-127.217112616373,2.70177919508569));
#1814=CARTESIAN_POINT('Ctrl Pts',(145.71774901333,-127.218282166681,2.66954588401359));
#1815=CARTESIAN_POINT('Ctrl Pts',(145.724950300819,-127.219740070177,2.63734209686608));
#1816=CARTESIAN_POINT('Ctrl Pts',(145.733620131423,-127.221484518775,2.6054158569695));
#1817=CARTESIAN_POINT('Ctrl Pts',(145.742273253284,-127.223225605422,2.57355114623089));
#1818=CARTESIAN_POINT('Ctrl Pts',(145.752389171884,-127.22525213376,2.54196357783453));
#1819=CARTESIAN_POINT('Ctrl Pts',(145.763908439444,-127.227562306135,2.51089158022068));
#1820=CARTESIAN_POINT('Ctrl Pts',(145.768639026628,-127.228511018523,2.49813132502878));
#1821=CARTESIAN_POINT('Ctrl Pts',(145.773605694201,-127.229507566819,2.48545786764865));
#1822=CARTESIAN_POINT('Ctrl Pts',(145.77880190306,-127.230551826522,2.4728869265166));
#1823=CARTESIAN_POINT('Ctrl Pts',(145.791456631852,-127.233094992835,2.44227194259083));
#1824=CARTESIAN_POINT('Ctrl Pts',(145.805495824579,-127.235917545359,2.41221868244296));
#1825=CARTESIAN_POINT('Ctrl Pts',(145.820804520371,-127.238977109149,2.38294413129631));
#1826=CARTESIAN_POINT('Ctrl Pts',(145.836168901927,-127.24204780218,2.35356309323694));
#1827=CARTESIAN_POINT('Ctrl Pts',(145.852811673743,-127.245357233882,2.3249670100005));
#1828=CARTESIAN_POINT('Ctrl Pts',(145.870572533419,-127.248862565207,2.29734660181228));
#1829=CARTESIAN_POINT('Ctrl Pts',(145.888390272168,-127.252379122341,2.26963773939245));
#1830=CARTESIAN_POINT('Ctrl Pts',(145.907332779011,-127.256092835843,2.24291127419311));
#1831=CARTESIAN_POINT('Ctrl Pts',(145.927200412858,-127.259960453771,2.21732317386124));
#1832=CARTESIAN_POINT('Ctrl Pts',(145.947234058047,-127.263860389006,2.19152126272152));
#1833=CARTESIAN_POINT('Ctrl Pts',(145.968207786975,-127.267916811424,2.16687718612808));
#1834=CARTESIAN_POINT('Ctrl Pts',(145.989886548667,-127.272085375773,2.14350735468046));
#1835=CARTESIAN_POINT('Ctrl Pts',(145.998543180826,-127.273749941707,2.13417545476209));
#1836=CARTESIAN_POINT('Ctrl Pts',(146.007311942496,-127.275432388856,2.12504622309385));
#1837=CARTESIAN_POINT('Ctrl Pts',(146.016176856436,-127.277129893701,2.11612499102017));
#1838=CARTESIAN_POINT('Ctrl Pts',(146.038811201909,-127.281464048705,2.09334685124572));
#1839=CARTESIAN_POINT('Ctrl Pts',(146.062766847503,-127.286029905738,2.07123064756801));
#1840=CARTESIAN_POINT('Ctrl Pts',(146.087939751679,-127.290785686029,2.05001763168629));
#1841=CARTESIAN_POINT('Ctrl Pts',(146.112913489069,-127.295503838818,2.02897245214842));
#1842=CARTESIAN_POINT('Ctrl Pts',(146.139084978231,-127.300408921425,2.00881680096645));
#1843=CARTESIAN_POINT('Ctrl Pts',(146.166308910292,-127.305460138907,1.98975936744717));
#1844=CARTESIAN_POINT('Ctrl Pts',(146.19344189407,-127.310494481547,1.97076560000149));
#1845=CARTESIAN_POINT('Ctrl Pts',(146.221619873336,-127.315673984293,1.95286323671152));
#1846=CARTESIAN_POINT('Ctrl Pts',(146.250660950394,-127.320958259693,1.93622390070558));
#1847=CARTESIAN_POINT('Ctrl Pts',(146.279645331336,-127.326232218744,1.91961704922922));
#1848=CARTESIAN_POINT('Ctrl Pts',(146.309488909671,-127.33161054176,1.90426870759432));
#1849=CARTESIAN_POINT('Ctrl Pts',(146.339980100533,-127.337053077368,1.89030766296629));
#1850=CARTESIAN_POINT('Ctrl Pts',(146.351845479596,-127.339170992288,1.88487484509494));
#1851=CARTESIAN_POINT('Ctrl Pts',(146.36380864122,-127.341298630978,1.87965162623611));
#1852=CARTESIAN_POINT('Ctrl Pts',(146.375856139737,-127.343433627399,1.8746436966424));
#1853=CARTESIAN_POINT('Ctrl Pts',(146.406756891266,-127.348909701439,1.8617988070726));
#1854=CARTESIAN_POINT('Ctrl Pts',(146.438261320523,-127.354431020339,1.85035393941818));
#1855=CARTESIAN_POINT('Ctrl Pts',(146.470134153922,-127.35995570505,1.84038465609903));
#1856=CARTESIAN_POINT('Ctrl Pts',(146.502108209712,-127.365497935168,1.83038371212759));
#1857=CARTESIAN_POINT('Ctrl Pts',(146.534452351371,-127.37104355251,1.82186789192095));
#1858=CARTESIAN_POINT('Ctrl Pts',(146.566917650961,-127.37655027776,1.81486222241492));
#1859=CARTESIAN_POINT('Ctrl Pts',(146.59947447862,-127.382072527892,1.80783680211632));
#1860=CARTESIAN_POINT('Ctrl Pts',(146.632152470714,-127.387555666329,1.80233004800899));
#1861=CARTESIAN_POINT('Ctrl Pts',(146.664699264993,-127.392957055158,1.79831467088018));
#1862=CARTESIAN_POINT('Ctrl Pts',(146.697491254488,-127.398399136003,1.79426904342149));
#1863=CARTESIAN_POINT('Ctrl Pts',(146.730149398457,-127.40375823086,1.79173721323631));
#1864=CARTESIAN_POINT('Ctrl Pts',(146.762424423827,-127.408990730881,1.79063906440184));
#1865=CARTESIAN_POINT('Ctrl Pts',(146.775012449546,-127.411031530047,1.7902107602994));
#1866=CARTESIAN_POINT('Ctrl Pts',(146.787542343689,-127.413053071795,1.79));
#1867=CARTESIAN_POINT('Ctrl Pts',(146.8,-127.41505276882,1.79));
#1868=CARTESIAN_POINT('',(145.695,-124.143382390227,2.895));
#1869=CARTESIAN_POINT('',(145.695,-123.5,2.895));
#1870=CARTESIAN_POINT('',(146.8,-124.371634593274,1.79));
#1871=CARTESIAN_POINT('Ctrl Pts',(146.8,-124.371634593274,1.79));
#1872=CARTESIAN_POINT('Ctrl Pts',(146.767974327897,-124.365817189705,1.79));
#1873=CARTESIAN_POINT('Ctrl Pts',(146.735472198348,-124.359836290764,1.7913963253503));
#1874=CARTESIAN_POINT('Ctrl Pts',(146.702737793518,-124.353741447041,1.79428883752811));
#1875=CARTESIAN_POINT('Ctrl Pts',(146.67027659359,-124.347697471547,1.79715720848474));
#1876=CARTESIAN_POINT('Ctrl Pts',(146.637587610973,-124.341541445326,1.80149708252509));
#1877=CARTESIAN_POINT('Ctrl Pts',(146.604921315812,-124.335321688632,1.80735607528216));
#1878=CARTESIAN_POINT('Ctrl Pts',(146.572370947357,-124.329124004717,1.81319427554581));
#1879=CARTESIAN_POINT('Ctrl Pts',(146.53984376821,-124.322863041861,1.8205408996958));
#1880=CARTESIAN_POINT('Ctrl Pts',(146.507590233784,-124.316586607704,1.82939147496781));
#1881=CARTESIAN_POINT('Ctrl Pts',(146.475408321118,-124.310324110912,1.83822239677236));
#1882=CARTESIAN_POINT('Ctrl Pts',(146.443499506329,-124.304046211452,1.84855051736435));
#1883=CARTESIAN_POINT('Ctrl Pts',(146.412105233313,-124.297800399188,1.86032002533295));
#1884=CARTESIAN_POINT('Ctrl Pts',(146.399819680877,-124.295356219192,1.86492579872419));
#1885=CARTESIAN_POINT('Ctrl Pts',(146.387612791853,-124.292916953028,1.86975175779915));
#1886=CARTESIAN_POINT('Ctrl Pts',(146.375498391293,-124.290485446687,1.87479247983306));
#1887=CARTESIAN_POINT('Ctrl Pts',(146.344486844257,-124.284261055074,1.88769617966359));
#1888=CARTESIAN_POINT('Ctrl Pts',(146.314035123329,-124.278091085198,1.90203045453448));
#1889=CARTESIAN_POINT('Ctrl Pts',(146.284364820914,-124.272021245128,1.91768461483028));
#1890=CARTESIAN_POINT('Ctrl Pts',(146.254611830827,-124.265934489121,1.93338240144523));
#1891=CARTESIAN_POINT('Ctrl Pts',(146.225645200387,-124.259948421797,1.95040708531618));
#1892=CARTESIAN_POINT('Ctrl Pts',(146.197660628287,-124.254109134439,1.96860252521702));
#1893=CARTESIAN_POINT('Ctrl Pts',(146.169604991396,-124.248255018634,1.98684417111739));
#1894=CARTESIAN_POINT('Ctrl Pts',(146.142536884375,-124.242548429217,2.00626204487867));
#1895=CARTESIAN_POINT('Ctrl Pts',(146.11661765721,-124.237035809498,2.02666045030564));
#1896=CARTESIAN_POINT('Ctrl Pts',(146.090517665135,-124.231484743872,2.04720111753372));
#1897=CARTESIAN_POINT('Ctrl Pts',(146.065583013541,-124.226130362931,2.06873547983794));
#1898=CARTESIAN_POINT('Ctrl Pts',(146.041935604637,-124.221020088491,2.09103272922182));
#1899=CARTESIAN_POINT('Ctrl Pts',(146.032933702835,-124.219074751102,2.09952066336324));
#1900=CARTESIAN_POINT('Ctrl Pts',(146.024117867931,-124.217164787435,2.10811887488503));
#1901=CARTESIAN_POINT('Ctrl Pts',(146.015493059988,-124.215292813446,2.11681373626071));
#1902=CARTESIAN_POINT('Ctrl Pts',(145.993333903166,-124.210483272705,2.13915287680052));
#1903=CARTESIAN_POINT('Ctrl Pts',(145.971773155023,-124.205779162015,2.16280286705042));
#1904=CARTESIAN_POINT('Ctrl Pts',(145.951057073956,-124.201231183768,2.18766633876232));
#1905=CARTESIAN_POINT('Ctrl Pts',(145.930539616689,-124.196726811101,2.21229142189004));
#1906=CARTESIAN_POINT('Ctrl Pts',(145.910851287961,-124.192375591264,2.23810652602958));
#1907=CARTESIAN_POINT('Ctrl Pts',(145.89220549333,-124.1882267822,2.26497291037606));
#1908=CARTESIAN_POINT('Ctrl Pts',(145.873635301235,-124.184094795185,2.29173036041215));
#1909=CARTESIAN_POINT('Ctrl Pts',(145.856099729177,-124.180163580854,2.3195301763046));
#1910=CARTESIAN_POINT('Ctrl Pts',(145.839775557097,-124.176481800399,2.34819654422053));
#1911=CARTESIAN_POINT('Ctrl Pts',(145.823495955643,-124.172810072475,2.37678464305548));
#1912=CARTESIAN_POINT('Ctrl Pts',(145.808421570209,-124.169386418207,2.40623405039799));
#1913=CARTESIAN_POINT('Ctrl Pts',(145.794686712144,-124.16625910129,2.43633869439501));
#1914=CARTESIAN_POINT('Ctrl Pts',(145.789143176629,-124.164996882757,2.44848925047177));
#1915=CARTESIAN_POINT('Ctrl Pts',(145.783817350613,-124.163782938049,2.46074622888612));
#1916=CARTESIAN_POINT('Ctrl Pts',(145.77871595046,-124.162620440448,2.4730949275554));
#1917=CARTESIAN_POINT('Ctrl Pts',(145.766089044613,-124.159743044571,2.5036602333037));
#1918=CARTESIAN_POINT('Ctrl Pts',(145.754820695387,-124.157185024982,2.53483667854752));
#1919=CARTESIAN_POINT('Ctrl Pts',(145.74499179323,-124.15494867497,2.56639281254388));
#1920=CARTESIAN_POINT('Ctrl Pts',(145.735136153551,-124.152706241424,2.59803478856054));
#1921=CARTESIAN_POINT('Ctrl Pts',(145.726727970562,-124.150787229908,2.63005786641466));
#1922=CARTESIAN_POINT('Ctrl Pts',(145.719797847556,-124.149193952477,2.66221617355468));
#1923=CARTESIAN_POINT('Ctrl Pts',(145.712849587382,-124.147596505201,2.69445864378901));
#1924=CARTESIAN_POINT('Ctrl Pts',(145.707387140059,-124.14632649923,2.72683637644351));
#1925=CARTESIAN_POINT('Ctrl Pts',(145.703388887872,-124.145386264819,2.75909904798816));
#1926=CARTESIAN_POINT('Ctrl Pts',(145.699361201582,-124.144439108645,2.79159922901659));
#1927=CARTESIAN_POINT('Ctrl Pts',(145.696819229724,-124.143826597291,2.82398198319234));
#1928=CARTESIAN_POINT('Ctrl Pts',(145.695688483603,-124.143551112855,2.85599904162704));
#1929=CARTESIAN_POINT('Ctrl Pts',(145.695227015513,-124.143438685075,2.86906550326068));
#1930=CARTESIAN_POINT('Ctrl Pts',(145.695,-124.143382390227,2.88207120117439));
#1931=CARTESIAN_POINT('Ctrl Pts',(145.695,-124.143382390227,2.895));
#1932=CARTESIAN_POINT('',(146.8,-123.5,1.79));
#1933=CARTESIAN_POINT('Origin',(153.15,-123.5,2.895));
#1934=CARTESIAN_POINT('',(153.15,-127.662639137124,1.79));
#1935=CARTESIAN_POINT('',(154.255,-127.549334291252,2.895));
#1936=CARTESIAN_POINT('Ctrl Pts',(153.15,-127.662639137124,1.79));
#1937=CARTESIAN_POINT('Ctrl Pts',(153.181869939005,-127.660044912269,1.79));
#1938=CARTESIAN_POINT('Ctrl Pts',(153.214216084628,-127.657347400882,1.79138282410298));
#1939=CARTESIAN_POINT('Ctrl Pts',(153.246794748478,-127.654570094202,1.79424763154148));
#1940=CARTESIAN_POINT('Ctrl Pts',(153.279098778402,-127.651816199859,1.7970882890235));
#1941=CARTESIAN_POINT('Ctrl Pts',(153.311630791277,-127.648983849879,1.80138623337893));
#1942=CARTESIAN_POINT('Ctrl Pts',(153.344141081433,-127.646095946412,1.80718832489251));
#1943=CARTESIAN_POINT('Ctrl Pts',(153.376535898899,-127.643218300434,1.81296980806623));
#1944=CARTESIAN_POINT('Ctrl Pts',(153.408908485695,-127.640285494906,1.82024483785393));
#1945=CARTESIAN_POINT('Ctrl Pts',(153.441009362363,-127.637320188803,1.8290081843574));
#1946=CARTESIAN_POINT('Ctrl Pts',(153.473040782819,-127.634361298691,1.8377525697323));
#1947=CARTESIAN_POINT('Ctrl Pts',(153.504801001814,-127.631370048495,1.84797875534615));
#1948=CARTESIAN_POINT('Ctrl Pts',(153.536049705836,-127.628368950427,1.85963019909586));
#1949=CARTESIAN_POINT('Ctrl Pts',(153.548571493701,-127.627166368926,1.86429909374354));
#1950=CARTESIAN_POINT('Ctrl Pts',(153.561011287009,-127.625962206138,1.86919627471842));
#1951=CARTESIAN_POINT('Ctrl Pts',(153.573354329111,-127.62475791057,1.87431586079582));
#1952=CARTESIAN_POINT('Ctrl Pts',(153.604168788722,-127.621751381319,1.88709693025136));
#1953=CARTESIAN_POINT('Ctrl Pts',(153.63442640916,-127.618747187581,1.9012872376223));
#1954=CARTESIAN_POINT('Ctrl Pts',(153.663907412387,-127.615771589318,1.91677498933326));
#1955=CARTESIAN_POINT('Ctrl Pts',(153.693479587577,-127.612786788819,1.93231063794658));
#1956=CARTESIAN_POINT('Ctrl Pts',(153.722269758116,-127.609830760935,1.94915141032062));
#1957=CARTESIAN_POINT('Ctrl Pts',(153.750084120419,-127.606930010013,1.96714007068902));
#1958=CARTESIAN_POINT('Ctrl Pts',(153.777976073122,-127.604021167213,1.98517891187164));
#1959=CARTESIAN_POINT('Ctrl Pts',(153.804886293124,-127.601167910203,2.00437156929194));
#1960=CARTESIAN_POINT('Ctrl Pts',(153.830655416408,-127.598396965759,2.02452127876955));
#1961=CARTESIAN_POINT('Ctrl Pts',(153.856618470059,-127.595605168053,2.04482262866316));
#1962=CARTESIAN_POINT('Ctrl Pts',(153.881422811671,-127.59289692649,2.06609492676793));
#1963=CARTESIAN_POINT('Ctrl Pts',(153.904948500099,-127.590299575811,2.08810610226724));
#1964=CARTESIAN_POINT('Ctrl Pts',(153.914205295691,-127.589277580455,2.09676697325401));
#1965=CARTESIAN_POINT('Ctrl Pts',(153.923264622211,-127.588272753605,2.10554195221391));
#1966=CARTESIAN_POINT('Ctrl Pts',(153.93212114428,-127.587286760475,2.1144159137737));
#1967=CARTESIAN_POINT('Ctrl Pts',(153.954525149837,-127.584792531318,2.13686403534326));
#1968=CARTESIAN_POINT('Ctrl Pts',(153.976303846887,-127.582343185286,2.16062423732187));
#1969=CARTESIAN_POINT('Ctrl Pts',(153.997213642624,-127.579967485787,2.18559599398391));
#1970=CARTESIAN_POINT('Ctrl Pts',(154.017939148996,-127.577612724617,2.21034766101696));
#1971=CARTESIAN_POINT('Ctrl Pts',(154.037810424724,-127.575330317526,2.23628930877023));
#1972=CARTESIAN_POINT('Ctrl Pts',(154.056616650899,-127.573148274087,2.263279137345));
#1973=CARTESIAN_POINT('Ctrl Pts',(154.075353035541,-127.570974334201,2.29016873257335));
#1974=CARTESIAN_POINT('Ctrl Pts',(154.093031749413,-127.5689000139,2.31809832100292));
#1975=CARTESIAN_POINT('Ctrl Pts',(154.109478849115,-127.56695301185,2.34688930123481));
#1976=CARTESIAN_POINT('Ctrl Pts',(154.125887503122,-127.565010560989,2.37561298150155));
#1977=CARTESIAN_POINT('Ctrl Pts',(154.141069878799,-127.563194833852,2.40519350551888));
#1978=CARTESIAN_POINT('Ctrl Pts',(154.154894697858,-127.56153333532,2.43542231753799));
#1979=CARTESIAN_POINT('Ctrl Pts',(154.160476548345,-127.560862495698,2.44762737486091));
#1980=CARTESIAN_POINT('Ctrl Pts',(154.165837597726,-127.560216798227,2.45993780463908));
#1981=CARTESIAN_POINT('Ctrl Pts',(154.170971336531,-127.55959805327,2.47233875268542));
#1982=CARTESIAN_POINT('Ctrl Pts',(154.183677781601,-127.558066606286,2.50303216564451));
#1983=CARTESIAN_POINT('Ctrl Pts',(154.195008048342,-127.556703574226,2.53432906072702));
#1984=CARTESIAN_POINT('Ctrl Pts',(154.204884562544,-127.555510956097,2.56599610989025));
#1985=CARTESIAN_POINT('Ctrl Pts',(154.2147909909,-127.554314725746,2.59775907275305));
#1986=CARTESIAN_POINT('Ctrl Pts',(154.223234688609,-127.553289943195,2.6298937764773));
#1987=CARTESIAN_POINT('Ctrl Pts',(154.2301885145,-127.55243862567,2.66215289749959));
#1988=CARTESIAN_POINT('Ctrl Pts',(154.237161673438,-127.551584941309,2.69450170542368));
#1989=CARTESIAN_POINT('Ctrl Pts',(154.242636669243,-127.55090568785,2.72697494694705));
#1990=CARTESIAN_POINT('Ctrl Pts',(154.246638646023,-127.550402899391,2.75932140902697));
#1991=CARTESIAN_POINT('Ctrl Pts',(154.250670967835,-127.549896298534,2.79191313850028));
#1992=CARTESIAN_POINT('Ctrl Pts',(154.253207975761,-127.549568848917,2.82437549451516));
#1993=CARTESIAN_POINT('Ctrl Pts',(154.254327693913,-127.549422631262,2.85645983321605));
#1994=CARTESIAN_POINT('Ctrl Pts',(154.254778346144,-127.549363783138,2.86937279598158));
#1995=CARTESIAN_POINT('Ctrl Pts',(154.255,-127.549334291252,2.88222467600367));
#1996=CARTESIAN_POINT('Ctrl Pts',(154.255,-127.549334291252,2.895));
#1997=CARTESIAN_POINT('',(153.15,-124.65144239474,1.79));
#1998=CARTESIAN_POINT('',(153.15,-123.5,1.79));
#1999=CARTESIAN_POINT('',(154.255,-124.523482422823,2.895));
#2000=CARTESIAN_POINT('Ctrl Pts',(154.255,-124.523482422823,2.895));
#2001=CARTESIAN_POINT('Ctrl Pts',(154.255,-124.523482422823,2.86322688628383));
#2002=CARTESIAN_POINT('Ctrl Pts',(154.253625533444,-124.523688576398,2.83098011851504));
#2003=CARTESIAN_POINT('Ctrl Pts',(154.250778517745,-124.524098463499,2.79850308361528));
#2004=CARTESIAN_POINT('Ctrl Pts',(154.247955467411,-124.524504900288,2.76629943112352));
#2005=CARTESIAN_POINT('Ctrl Pts',(154.243684373727,-124.525111655098,2.73387000392579));
#2006=CARTESIAN_POINT('Ctrl Pts',(154.237919484685,-124.525916368483,2.701463970171));
#2007=CARTESIAN_POINT('Ctrl Pts',(154.232174882627,-124.526718250034,2.66917197515495));
#2008=CARTESIAN_POINT('Ctrl Pts',(154.22494691811,-124.527716699355,2.63690387100952));
#2009=CARTESIAN_POINT('Ctrl Pts',(154.216241928286,-124.528909381822,2.60490837591561));
#2010=CARTESIAN_POINT('Ctrl Pts',(154.207555014928,-124.530099587607,2.57297932150119));
#2011=CARTESIAN_POINT('Ctrl Pts',(154.197397290364,-124.531483220701,2.5413224099552));
#2012=CARTESIAN_POINT('Ctrl Pts',(154.185826371988,-124.53305796099,2.51017701849522));
#2013=CARTESIAN_POINT('Ctrl Pts',(154.181114083959,-124.533699278262,2.49749297297874));
#2014=CARTESIAN_POINT('Ctrl Pts',(154.17616799518,-124.534372291577,2.48489361940553));
#2015=CARTESIAN_POINT('Ctrl Pts',(154.170994359326,-124.535076844223,2.47239437033439));
#2016=CARTESIAN_POINT('Ctrl Pts',(154.158289453606,-124.536807015264,2.44169994469148));
#2017=CARTESIAN_POINT('Ctrl Pts',(154.14418928478,-124.538723616412,2.41156297395144));
#2018=CARTESIAN_POINT('Ctrl Pts',(154.12880695268,-124.540795570129,2.38220184342723));
#2019=CARTESIAN_POINT('Ctrl Pts',(154.11337303091,-124.542874472818,2.35274224076925));
#2020=CARTESIAN_POINT('Ctrl Pts',(154.096648692067,-124.545109771874,2.32406426483293));
#2021=CARTESIAN_POINT('Ctrl Pts',(154.07879244617,-124.547470076024,2.29636021520716));
#2022=CARTESIAN_POINT('Ctrl Pts',(154.060882752914,-124.549837445041,2.26857324175142));
#2023=CARTESIAN_POINT('Ctrl Pts',(154.041834854622,-124.552330568602,2.24176650191454));
#2024=CARTESIAN_POINT('Ctrl Pts',(154.021846725783,-124.554917772707,2.21609773402779));
#2025=CARTESIAN_POINT('Ctrl Pts',(154.001699691233,-124.557525545096,2.19022489932606));
#2026=CARTESIAN_POINT('Ctrl Pts',(153.980597982252,-124.560228899857,2.16550857373116));
#2027=CARTESIAN_POINT('Ctrl Pts',(153.95877497449,-124.562995401543,2.14206704107277));
#2028=CARTESIAN_POINT('Ctrl Pts',(153.950069551482,-124.564098987616,2.13271597178101));
#2029=CARTESIAN_POINT('Ctrl Pts',(153.941249640665,-124.565212622223,2.12356725039505));
#2030=CARTESIAN_POINT('Ctrl Pts',(153.93233107875,-124.566334246416,2.11462631821512));
#2031=CARTESIAN_POINT('Ctrl Pts',(153.909784499899,-124.569169769514,2.09202318619517));
#2032=CARTESIAN_POINT('Ctrl Pts',(153.885920788773,-124.57214296949,2.07006451958676));
#2033=CARTESIAN_POINT('Ctrl Pts',(153.860842239466,-124.575222829278,2.04899272426852));
#2034=CARTESIAN_POINT('Ctrl Pts',(153.835972755853,-124.578277014015,2.02809659260003));
#2035=CARTESIAN_POINT('Ctrl Pts',(153.80990892106,-124.581436087652,2.00807318425711));
#2036=CARTESIAN_POINT('Ctrl Pts',(153.782794311766,-124.584669802387,1.98913226186322));
#2037=CARTESIAN_POINT('Ctrl Pts',(153.755775083816,-124.58789214185,1.97025796815012));
#2038=CARTESIAN_POINT('Ctrl Pts',(153.727712883096,-124.591188598204,1.95245907267179));
#2039=CARTESIAN_POINT('Ctrl Pts',(153.698787989959,-124.594529241737,1.9359083765996));
#2040=CARTESIAN_POINT('Ctrl Pts',(153.669924910818,-124.597862746142,1.91939305022272));
#2041=CARTESIAN_POINT('Ctrl Pts',(153.640203352327,-124.601240249067,1.90412100640837));
#2042=CARTESIAN_POINT('Ctrl Pts',(153.609833423377,-124.604632012273,1.89022230182707));
#2043=CARTESIAN_POINT('Ctrl Pts',(153.597815033915,-124.605974245613,1.88472212285246));
#2044=CARTESIAN_POINT('Ctrl Pts',(153.58569540385,-124.607318712182,1.87943652340986));
#2045=CARTESIAN_POINT('Ctrl Pts',(153.573488598616,-124.60866356899,1.87437156278974));
#2046=CARTESIAN_POINT('Ctrl Pts',(153.542680707791,-124.612057757797,1.86158846755551));
#2047=CARTESIAN_POINT('Ctrl Pts',(153.511268625132,-124.615450875858,1.8501944471278));
#2048=CARTESIAN_POINT('Ctrl Pts',(153.479486688844,-124.618817529852,1.84026613694525));
#2049=CARTESIAN_POINT('Ctrl Pts',(153.447606419767,-124.622194600219,1.83030710873378));
#2050=CARTESIAN_POINT('Ctrl Pts',(153.415354665368,-124.625545042509,1.82182303001605));
#2051=CARTESIAN_POINT('Ctrl Pts',(153.382979591974,-124.628843226973,1.81484005363852));
#2052=CARTESIAN_POINT('Ctrl Pts',(153.350514158465,-124.632150616801,1.80783758749657));
#2053=CARTESIAN_POINT('Ctrl Pts',(153.317925393757,-124.635405456689,1.80234460682255));
#2054=CARTESIAN_POINT('Ctrl Pts',(153.285465127587,-124.63858190169,1.79833496490137));
#2055=CARTESIAN_POINT('Ctrl Pts',(153.252760259099,-124.641782282595,1.79429510857275));
#2056=CARTESIAN_POINT('Ctrl Pts',(153.220186496911,-124.644903082681,1.79176089880514));
#2057=CARTESIAN_POINT('Ctrl Pts',(153.187992831881,-124.647917868328,1.79065334032936));
#2058=CARTESIAN_POINT('Ctrl Pts',(153.175264391709,-124.649109827016,1.7902154438742));
#2059=CARTESIAN_POINT('Ctrl Pts',(153.162595219618,-124.650285213718,1.79));
#2060=CARTESIAN_POINT('Ctrl Pts',(153.15,-124.65144239474,1.79));
#2061=CARTESIAN_POINT('',(154.255,-123.5,2.895));
#2062=CARTESIAN_POINT('Origin',(146.8,-123.5,3.455));
#2063=CARTESIAN_POINT('',(146.8,-127.41505276882,4.56));
#2064=CARTESIAN_POINT('',(145.695,-127.213569813793,3.455));
#2065=CARTESIAN_POINT('Ctrl Pts',(146.8,-127.41505276882,4.56));
#2066=CARTESIAN_POINT('Ctrl Pts',(146.768100194847,-127.409932227373,4.56));
#2067=CARTESIAN_POINT('Ctrl Pts',(146.735721397497,-127.404667801307,4.55861459574563));
#2068=CARTESIAN_POINT('Ctrl Pts',(146.703107397733,-127.399303152551,4.55574375929457));
#2069=CARTESIAN_POINT('Ctrl Pts',(146.670770244395,-127.393984042026,4.55289729215781));
#2070=CARTESIAN_POINT('Ctrl Pts',(146.638202495778,-127.388566403086,4.54859031779758));
#2071=CARTESIAN_POINT('Ctrl Pts',(146.605654088937,-127.383092795188,4.5427750993901));
#2072=CARTESIAN_POINT('Ctrl Pts',(146.573222643874,-127.377638856546,4.53698077780529));
#2073=CARTESIAN_POINT('Ctrl Pts',(146.540811063701,-127.37212935047,4.52968896415774));
#2074=CARTESIAN_POINT('Ctrl Pts',(146.50866920559,-127.366606379256,4.52090401454745));
#2075=CARTESIAN_POINT('Ctrl Pts',(146.476599341281,-127.361095778818,4.51213874214193));
#2076=CARTESIAN_POINT('Ctrl Pts',(146.44479865841,-127.355571773495,4.50188709571571));
#2077=CARTESIAN_POINT('Ctrl Pts',(146.413507966207,-127.350076183305,4.49020476612826));
#2078=CARTESIAN_POINT('Ctrl Pts',(146.401413653603,-127.347952056895,4.48568937397727));
#2079=CARTESIAN_POINT('Ctrl Pts',(146.389395399001,-127.345832175525,4.48096078401169));
#2080=CARTESIAN_POINT('Ctrl Pts',(146.377466488687,-127.343718954,4.4760242072632));
#2081=CARTESIAN_POINT('Ctrl Pts',(146.346565859787,-127.338244868572,4.46323650728711));
#2082=CARTESIAN_POINT('Ctrl Pts',(146.316218764264,-127.332818604424,4.449030160488));
#2083=CARTESIAN_POINT('Ctrl Pts',(146.286646101922,-127.327480211167,4.43351559789712));
#2084=CARTESIAN_POINT('Ctrl Pts',(146.256987792612,-127.322126357105,4.41795610275229));
#2085=CARTESIAN_POINT('Ctrl Pts',(146.228108987715,-127.316860883646,4.40108115784773));
#2086=CARTESIAN_POINT('Ctrl Pts',(146.200204767199,-127.311724189381,4.38304670071559));
#2087=CARTESIAN_POINT('Ctrl Pts',(146.172226661149,-127.30657389404,4.36496449147067));
#2088=CARTESIAN_POINT('Ctrl Pts',(146.145228783913,-127.301553060767,4.34571710314914));
#2089=CARTESIAN_POINT('Ctrl Pts',(146.119371938484,-127.296702409906,4.32550011021092));
#2090=CARTESIAN_POINT('Ctrl Pts',(146.093328815961,-127.291816814134,4.3051374706304));
#2091=CARTESIAN_POINT('Ctrl Pts',(146.068443604033,-127.287103861654,4.28379176646891));
#2092=CARTESIAN_POINT('Ctrl Pts',(146.044837765527,-127.282605159234,4.26169386983281));
#2093=CARTESIAN_POINT('Ctrl Pts',(146.035923941421,-127.280906399749,4.25334946115293));
#2094=CARTESIAN_POINT('Ctrl Pts',(146.027192080888,-127.279238190193,4.24489806731035));
#2095=CARTESIAN_POINT('Ctrl Pts',(146.018647006789,-127.277602770823,4.23635299321134));
#2096=CARTESIAN_POINT('Ctrl Pts',(145.996297893577,-127.273325432533,4.21400387999913));
#2097=CARTESIAN_POINT('Ctrl Pts',(145.974556238741,-127.269142632583,4.19033876823425));
#2098=CARTESIAN_POINT('Ctrl Pts',(145.953667841609,-127.265099010445,4.16545540160696));
#2099=CARTESIAN_POINT('Ctrl Pts',(145.932972986876,-127.261092854673,4.14080259295196));
#2100=CARTESIAN_POINT('Ctrl Pts',(145.913116232667,-127.257223309546,4.11495430409879));
#2101=CARTESIAN_POINT('Ctrl Pts',(145.894310759623,-127.253533785169,4.08804976097161));
#2102=CARTESIAN_POINT('Ctrl Pts',(145.875579020761,-127.249858727009,4.06125070758365));
#2103=CARTESIAN_POINT('Ctrl Pts',(145.857890858132,-127.246362280685,4.03340407484618));
#2104=CARTESIAN_POINT('Ctrl Pts',(145.841422897678,-127.243087347684,4.00468621858645));
#2105=CARTESIAN_POINT('Ctrl Pts',(145.824997611352,-127.239820901156,3.97604278013311));
#2106=CARTESIAN_POINT('Ctrl Pts',(145.809786633513,-127.236774821405,3.94653314688935));
#2107=CARTESIAN_POINT('Ctrl Pts',(145.795924173153,-127.233991677264,3.91636399289734));
#2108=CARTESIAN_POINT('Ctrl Pts',(145.790210025849,-127.232844456989,3.90392817808006));
#2109=CARTESIAN_POINT('Ctrl Pts',(145.784724488191,-127.231741912441,3.8913806312742));
#2110=CARTESIAN_POINT('Ctrl Pts',(145.779474692465,-127.230687025055,3.87873706078238));
#2111=CARTESIAN_POINT('Ctrl Pts',(145.766748680163,-127.228129876062,3.84808782374264));
#2112=CARTESIAN_POINT('Ctrl Pts',(145.755391351826,-127.225856402569,3.81682496634265));
#2113=CARTESIAN_POINT('Ctrl Pts',(145.745483175981,-127.223868515017,3.78518065943003));
#2114=CARTESIAN_POINT('Ctrl Pts',(145.735547424986,-127.221875095035,3.75344828418491));
#2115=CARTESIAN_POINT('Ctrl Pts',(145.727069070077,-127.220168852817,3.72133298992609));
#2116=CARTESIAN_POINT('Ctrl Pts',(145.720078271915,-127.2187517148,3.68908131324248));
#2117=CARTESIAN_POINT('Ctrl Pts',(145.713069124163,-127.217330857051,3.65674498170186));
#2118=CARTESIAN_POINT('Ctrl Pts',(145.707555357006,-127.216200623187,3.62427222717991));
#2119=CARTESIAN_POINT('Ctrl Pts',(145.703514899037,-127.215362954856,3.59191392685034));
#2120=CARTESIAN_POINT('Ctrl Pts',(145.699444732961,-127.214519127435,3.55931770700051));
#2121=CARTESIAN_POINT('Ctrl Pts',(145.69686950156,-127.213972183632,3.52683829633406));
#2122=CARTESIAN_POINT('Ctrl Pts',(145.695714270364,-127.213724108236,3.49472439203766));
#2123=CARTESIAN_POINT('Ctrl Pts',(145.695235480076,-127.213621292374,3.48141465320551));
#2124=CARTESIAN_POINT('Ctrl Pts',(145.695,-127.213569813793,3.46816754945557));
#2125=CARTESIAN_POINT('Ctrl Pts',(145.695,-127.213569813793,3.455));
#2126=CARTESIAN_POINT('',(146.8,-124.371634593274,4.56));
#2127=CARTESIAN_POINT('',(146.8,-123.5,4.56));
#2128=CARTESIAN_POINT('',(145.695,-124.143382390227,3.455));
#2129=CARTESIAN_POINT('Ctrl Pts',(145.695,-124.143382390227,3.455));
#2130=CARTESIAN_POINT('Ctrl Pts',(145.695,-124.143382390227,3.48681053068427));
#2131=CARTESIAN_POINT('Ctrl Pts',(145.696377712591,-124.143723177212,3.51908239551524));
#2132=CARTESIAN_POINT('Ctrl Pts',(145.699228077248,-124.144402187021,3.55157211854706));
#2133=CARTESIAN_POINT('Ctrl Pts',(145.702055462511,-124.145075722712,3.58379991223616));
#2134=CARTESIAN_POINT('Ctrl Pts',(145.706332024025,-124.146082049764,3.61624143082962));
#2135=CARTESIAN_POINT('Ctrl Pts',(145.712100387914,-124.147418665533,3.64864770596119));
#2136=CARTESIAN_POINT('Ctrl Pts',(145.71784950107,-124.14875082062,3.68094583178043));
#2137=CARTESIAN_POINT('Ctrl Pts',(145.725080529089,-124.150411063562,3.71320828603627));
#2138=CARTESIAN_POINT('Ctrl Pts',(145.733784020909,-124.152396916687,3.74518698442574));
#2139=CARTESIAN_POINT('Ctrl Pts',(145.742471679814,-124.154379157257,3.77710750892458));
#2140=CARTESIAN_POINT('Ctrl Pts',(145.752626355676,-124.156685824425,3.80874464500529));
#2141=CARTESIAN_POINT('Ctrl Pts',(145.764187392415,-124.159314454016,3.83986002906031));
#2142=CARTESIAN_POINT('Ctrl Pts',(145.769069352828,-124.160424463948,3.85299934144199));
#2143=CARTESIAN_POINT('Ctrl Pts',(145.774201475012,-124.161591885543,3.86604577641322));
#2144=CARTESIAN_POINT('Ctrl Pts',(145.77957654105,-124.162816533251,3.87898226899875));
#2145=CARTESIAN_POINT('Ctrl Pts',(145.792308262224,-124.165717311221,3.90962446304378));
#2146=CARTESIAN_POINT('Ctrl Pts',(145.806426290763,-124.168934912667,3.93969650751152));
#2147=CARTESIAN_POINT('Ctrl Pts',(145.821814127822,-124.172420922553,3.96898190578209));
#2148=CARTESIAN_POINT('Ctrl Pts',(145.837259406583,-124.175919945466,3.99837662436161));
#2149=CARTESIAN_POINT('Ctrl Pts',(145.853983622777,-124.179689384458,4.02697824428823));
#2150=CARTESIAN_POINT('Ctrl Pts',(145.871825046284,-124.183680280279,4.05459674389893));
#2151=CARTESIAN_POINT('Ctrl Pts',(145.889724390941,-124.187684132313,4.08230490537151));
#2152=CARTESIAN_POINT('Ctrl Pts',(145.908747712709,-124.191910881402,4.10902309290767));
#2153=CARTESIAN_POINT('Ctrl Pts',(145.928694121078,-124.196311089916,4.13459625172334));
#2154=CARTESIAN_POINT('Ctrl Pts',(145.948808987526,-124.200748460543,4.16038538953091));
#2155=CARTESIAN_POINT('Ctrl Pts',(145.969862027531,-124.205362232882,4.18500971322838));
#2156=CARTESIAN_POINT('Ctrl Pts',(145.9916171093,-124.210101706112,4.20835390224253));
#2157=CARTESIAN_POINT('Ctrl Pts',(146.000515662281,-124.212040308507,4.2179024530098));
#2158=CARTESIAN_POINT('Ctrl Pts',(146.009531374477,-124.213999941698,4.22723736089926));
#2159=CARTESIAN_POINT('Ctrl Pts',(146.018647006789,-124.215977135992,4.23635299321108));
#2160=CARTESIAN_POINT('Ctrl Pts',(146.041346576149,-124.220900706565,4.25905256257174));
#2161=CARTESIAN_POINT('Ctrl Pts',(146.065363213566,-124.226085050242,4.28108506367));
#2162=CARTESIAN_POINT('Ctrl Pts',(146.090591687753,-124.231482687478,4.3022100368354));
#2163=CARTESIAN_POINT('Ctrl Pts',(146.115621800775,-124.236837885303,4.32316891298495));
#2164=CARTESIAN_POINT('Ctrl Pts',(146.141844444536,-124.242403035794,4.34323390197698));
#2165=CARTESIAN_POINT('Ctrl Pts',(146.169113278076,-124.248131770562,4.36219730163833));
#2166=CARTESIAN_POINT('Ctrl Pts',(146.196291723379,-124.253841516243,4.3810978431557));
#2167=CARTESIAN_POINT('Ctrl Pts',(146.224509003949,-124.259713763531,4.39890357676341));
#2168=CARTESIAN_POINT('Ctrl Pts',(146.253582381517,-124.265702603602,4.41544405678358));
#2169=CARTESIAN_POINT('Ctrl Pts',(146.282600034461,-124.27167996493,4.43195283384752));
#2170=CARTESIAN_POINT('Ctrl Pts',(146.312469969721,-124.277773472525,4.44720079681863));
#2171=CARTESIAN_POINT('Ctrl Pts',(146.342979978945,-124.283937481038,4.46106048543559));
#2172=CARTESIAN_POINT('Ctrl Pts',(146.354418748214,-124.286248482344,4.46625674018164));
#2173=CARTESIAN_POINT('Ctrl Pts',(146.365947223307,-124.288569393537,4.47125830735944));
#2174=CARTESIAN_POINT('Ctrl Pts',(146.377553363672,-124.290897809106,4.4760601546704));
#2175=CARTESIAN_POINT('Ctrl Pts',(146.408438140422,-124.297093890899,4.4888382167581));
#2176=CARTESIAN_POINT('Ctrl Pts',(146.439921454108,-124.303339610123,4.50021805749864));
#2177=CARTESIAN_POINT('Ctrl Pts',(146.471767957705,-124.309587670496,4.51012498141716));
#2178=CARTESIAN_POINT('Ctrl Pts',(146.503717038126,-124.315855855722,4.52006381530029));
#2179=CARTESIAN_POINT('Ctrl Pts',(146.536030989672,-124.322126397203,4.52852007872479));
#2180=CARTESIAN_POINT('Ctrl Pts',(146.568460934475,-124.328351540164,4.53546964841017));
#2181=CARTESIAN_POINT('Ctrl Pts',(146.600983765569,-124.334594513264,4.54243912314834));
#2182=CARTESIAN_POINT('Ctrl Pts',(146.633622578042,-124.34079182741,4.54789327480512));
#2183=CARTESIAN_POINT('Ctrl Pts',(146.666125182651,-124.346895316309,4.55186030709469));
#2184=CARTESIAN_POINT('Ctrl Pts',(146.698874482849,-124.353045130843,4.55585744925934));
#2185=CARTESIAN_POINT('Ctrl Pts',(146.731484837058,-124.359099690453,4.55834494968552));
#2186=CARTESIAN_POINT('Ctrl Pts',(146.76370725636,-124.365009723753,4.55940383771475));
#2187=CARTESIAN_POINT('Ctrl Pts',(146.775864166158,-124.367239467617,4.55980333615519));
#2188=CARTESIAN_POINT('Ctrl Pts',(146.787965999036,-124.369448639458,4.56));
#2189=CARTESIAN_POINT('Ctrl Pts',(146.8,-124.371634593274,4.56));
#2190=CARTESIAN_POINT('',(145.695,-123.5,3.455));
#2191=CARTESIAN_POINT('Origin',(153.15,-123.5,3.455));
#2192=CARTESIAN_POINT('',(154.255,-127.549334291252,3.455));
#2193=CARTESIAN_POINT('',(153.15,-127.662639137124,4.56));
#2194=CARTESIAN_POINT('Ctrl Pts',(154.255,-127.549334291252,3.455));
#2195=CARTESIAN_POINT('Ctrl Pts',(154.255,-127.549334291252,3.4868004728808));
#2196=CARTESIAN_POINT('Ctrl Pts',(154.253623174414,-127.549517029046,3.51907523397206));
#2197=CARTESIAN_POINT('Ctrl Pts',(154.250771159865,-127.549880391656,3.55158081387489));
#2198=CARTESIAN_POINT('Ctrl Pts',(154.247943154355,-127.550240695381,3.58381275291824));
#2199=CARTESIAN_POINT('Ctrl Pts',(154.243664510711,-127.550778595625,3.61627100896899));
#2200=CARTESIAN_POINT('Ctrl Pts',(154.237889186539,-127.551492032325,3.64870626683633));
#2201=CARTESIAN_POINT('Ctrl Pts',(154.232134226658,-127.552202953386,3.68102715518782));
#2202=CARTESIAN_POINT('Ctrl Pts',(154.224893059457,-127.553088175173,3.71332454540838));
#2203=CARTESIAN_POINT('Ctrl Pts',(154.216171731495,-127.554145659339,3.74534951172753));
#2204=CARTESIAN_POINT('Ctrl Pts',(154.207468688569,-127.555200926396,3.77730733487366));
#2205=CARTESIAN_POINT('Ctrl Pts',(154.197291770267,-127.556427734263,3.80899321012651));
#2206=CARTESIAN_POINT('Ctrl Pts',(154.185698312105,-127.557824057385,3.84016750421568));
#2207=CARTESIAN_POINT('Ctrl Pts',(154.180954368577,-127.558395420817,3.85292375766632));
#2208=CARTESIAN_POINT('Ctrl Pts',(154.175973831874,-127.558995167478,3.86559449952592));
#2209=CARTESIAN_POINT('Ctrl Pts',(154.170763030261,-127.559623158591,3.87816407698817));
#2210=CARTESIAN_POINT('Ctrl Pts',(154.158028763808,-127.561157856465,3.90888187445646));
#2211=CARTESIAN_POINT('Ctrl Pts',(154.143896209713,-127.562857921001,3.93904174961588));
#2212=CARTESIAN_POINT('Ctrl Pts',(154.128478268337,-127.564695843693,3.96842504651777));
#2213=CARTESIAN_POINT('Ctrl Pts',(154.113009460478,-127.566539830013,3.99790528405211));
#2214=CARTESIAN_POINT('Ctrl Pts',(154.096247130376,-127.568522585626,4.02660323650382));
#2215=CARTESIAN_POINT('Ctrl Pts',(154.07834958692,-127.570616328858,4.05432632552305));
#2216=CARTESIAN_POINT('Ctrl Pts',(154.060399283424,-127.572716244221,4.08213113923874));
#2217=CARTESIAN_POINT('Ctrl Pts',(154.041307551424,-127.574927802528,4.1089548643796));
#2218=CARTESIAN_POINT('Ctrl Pts',(154.021272165051,-127.577222975689,4.13463947384406));
#2219=CARTESIAN_POINT('Ctrl Pts',(154.001079168365,-127.579536204053,4.16052613378491));
#2220=CARTESIAN_POINT('Ctrl Pts',(153.979928177067,-127.581934367974,4.18525531333103));
#2221=CARTESIAN_POINT('Ctrl Pts',(153.958052337479,-127.584388772688,4.208708444888));
#2222=CARTESIAN_POINT('Ctrl Pts',(153.94926386071,-127.585374813874,4.2181305884817));
#2223=CARTESIAN_POINT('Ctrl Pts',(153.940358690978,-127.586369932203,4.22734729544389));
#2224=CARTESIAN_POINT('Ctrl Pts',(153.931352993211,-127.587372267092,4.23635299321114));
#2225=CARTESIAN_POINT('Ctrl Pts',(153.908814853646,-127.589880763845,4.25889113277632));
#2226=CARTESIAN_POINT('Ctrl Pts',(153.884962327466,-127.592510915724,4.28078758381369));
#2227=CARTESIAN_POINT('Ctrl Pts',(153.859897713995,-127.595235316364,4.30179999744048));
#2228=CARTESIAN_POINT('Ctrl Pts',(153.835043995681,-127.597936793733,4.32263561136158));
#2229=CARTESIAN_POINT('Ctrl Pts',(153.808998818179,-127.600730940506,4.34260142531799));
#2230=CARTESIAN_POINT('Ctrl Pts',(153.781905709374,-127.603591036309,4.36148782366914));
#2231=CARTESIAN_POINT('Ctrl Pts',(153.754908662396,-127.606440991303,4.38030725805761));
#2232=CARTESIAN_POINT('Ctrl Pts',(153.726871524123,-127.609356428496,4.39805440340913));
#2233=CARTESIAN_POINT('Ctrl Pts',(153.69797448325,-127.612310910729,4.41455665059775));
#2234=CARTESIAN_POINT('Ctrl Pts',(153.669139802768,-127.61525901713,4.43102328560816));
#2235=CARTESIAN_POINT('Ctrl Pts',(153.639449456787,-127.618246000233,4.4462499777982));
#2236=CARTESIAN_POINT('Ctrl Pts',(153.609113420128,-127.621245593665,4.46010689354811));
#2237=CARTESIAN_POINT('Ctrl Pts',(153.597122439036,-127.622431248487,4.46558414216252));
#2238=CARTESIAN_POINT('Ctrl Pts',(153.585030871711,-127.623618873544,4.47084786837018));
#2239=CARTESIAN_POINT('Ctrl Pts',(153.57285272457,-127.624806846699,4.47589204783041));
#2240=CARTESIAN_POINT('Ctrl Pts',(153.542075027758,-127.627809198137,4.48864014688831));
#2241=CARTESIAN_POINT('Ctrl Pts',(153.51069550535,-127.63081062599,4.50000221841646));
#2242=CARTESIAN_POINT('Ctrl Pts',(153.478948366641,-127.633788662975,4.50990187794136));
#2243=CARTESIAN_POINT('Ctrl Pts',(153.447102320589,-127.636775977952,4.51983237958486));
#2244=CARTESIAN_POINT('Ctrl Pts',(153.414887024419,-127.639739756086,4.52829118788111));
#2245=CARTESIAN_POINT('Ctrl Pts',(153.382550495684,-127.64265731945,4.53525240891066));
#2246=CARTESIAN_POINT('Ctrl Pts',(153.350122905679,-127.645583098816,4.54223323308399));
#2247=CARTESIAN_POINT('Ctrl Pts',(153.317574076253,-127.648462402759,4.54770803200924));
#2248=CARTESIAN_POINT('Ctrl Pts',(153.28515567475,-127.651272361225,4.55170321581674));
#2249=CARTESIAN_POINT('Ctrl Pts',(153.252491225349,-127.654103646603,4.55572872211194));
#2250=CARTESIAN_POINT('Ctrl Pts',(153.219959854813,-127.656864529877,4.55825220038505));
#2251=CARTESIAN_POINT('Ctrl Pts',(153.187810401403,-127.659531616297,4.55935292073946));
#2252=CARTESIAN_POINT('Ctrl Pts',(153.175142947664,-127.660582495558,4.55978662404355));
#2253=CARTESIAN_POINT('Ctrl Pts',(153.162534638976,-127.661618812862,4.56));
#2254=CARTESIAN_POINT('Ctrl Pts',(153.15,-127.662639137124,4.56));
#2255=CARTESIAN_POINT('',(154.255,-124.523482422823,3.455));
#2256=CARTESIAN_POINT('',(154.255,-123.5,3.455));
#2257=CARTESIAN_POINT('',(153.15,-124.65144239474,4.56));
#2258=CARTESIAN_POINT('Ctrl Pts',(153.15,-124.65144239474,4.56));
#2259=CARTESIAN_POINT('Ctrl Pts',(153.181861399964,-124.648515140711,4.56));
#2260=CARTESIAN_POINT('Ctrl Pts',(153.214198886253,-124.645471241344,4.55861791404177));
#2261=CARTESIAN_POINT('Ctrl Pts',(153.246768794321,-124.642337186013,4.55575465043105));
#2262=CARTESIAN_POINT('Ctrl Pts',(153.279064061601,-124.639229558125,4.55291553085456));
#2263=CARTESIAN_POINT('Ctrl Pts',(153.311587215825,-124.636033288317,4.54861992405976));
#2264=CARTESIAN_POINT('Ctrl Pts',(153.344088593891,-124.632774201493,4.5428210412202));
#2265=CARTESIAN_POINT('Ctrl Pts',(153.376474531236,-124.629526690527,4.53704275526781));
#2266=CARTESIAN_POINT('Ctrl Pts',(153.408838184868,-124.62621680799,4.52977178785201));
#2267=CARTESIAN_POINT('Ctrl Pts',(153.440930135099,-124.622870104585,4.52101344104615));
#2268=CARTESIAN_POINT('Ctrl Pts',(153.472952704156,-124.619530636583,4.51227402934362));
#2269=CARTESIAN_POINT('Ctrl Pts',(153.504704077596,-124.616154506751,4.50205374577389));
#2270=CARTESIAN_POINT('Ctrl Pts',(153.535944016863,-124.61276710043,4.49040920212608));
#2271=CARTESIAN_POINT('Ctrl Pts',(153.548331039676,-124.611423951872,4.48579199635706));
#2272=CARTESIAN_POINT('Ctrl Pts',(153.560637792074,-124.610079030402,4.48095142528206));
#2273=CARTESIAN_POINT('Ctrl Pts',(153.57284997949,-124.608733918554,4.47589318483654));
#2274=CARTESIAN_POINT('Ctrl Pts',(153.603667008161,-124.605339575756,4.463128891632));
#2275=CARTESIAN_POINT('Ctrl Pts',(153.633927963983,-124.601947566935,4.44895545364781));
#2276=CARTESIAN_POINT('Ctrl Pts',(153.663413042111,-124.598587573625,4.43348456717038));
#2277=CARTESIAN_POINT('Ctrl Pts',(153.692989255211,-124.595217194964,4.4179658619691));
#2278=CARTESIAN_POINT('Ctrl Pts',(153.721784210289,-124.591879030031,4.40114203298312));
#2279=CARTESIAN_POINT('Ctrl Pts',(153.749604058515,-124.588603036436,4.38317022846715));
#2280=CARTESIAN_POINT('Ctrl Pts',(153.777501569045,-124.58531789753,4.36514825359316));
#2281=CARTESIAN_POINT('Ctrl Pts',(153.804418048051,-124.582095277563,4.34597236956429));
#2282=CARTESIAN_POINT('Ctrl Pts',(153.830194067278,-124.57896538574,4.32583926808539));
#2283=CARTESIAN_POINT('Ctrl Pts',(153.856163829568,-124.575811968374,4.30555483801233));
#2284=CARTESIAN_POINT('Ctrl Pts',(153.880975547642,-124.572752678354,4.28429930959994));
#2285=CARTESIAN_POINT('Ctrl Pts',(153.904509202204,-124.56981841121,4.26230469080113));
#2286=CARTESIAN_POINT('Ctrl Pts',(153.913651229333,-124.568678547881,4.253760526901));
#2287=CARTESIAN_POINT('Ctrl Pts',(153.922600875115,-124.567557551243,4.24510511130702));
#2288=CARTESIAN_POINT('Ctrl Pts',(153.931352993211,-124.566457232449,4.23635299321124));
#2289=CARTESIAN_POINT('Ctrl Pts',(153.953784701079,-124.563637111711,4.21392128534343));
#2290=CARTESIAN_POINT('Ctrl Pts',(153.975592867576,-124.560867216453,4.19017543961984));
#2291=CARTESIAN_POINT('Ctrl Pts',(153.996533505224,-124.558180137756,4.16521547753674));
#2292=CARTESIAN_POINT('Ctrl Pts',(154.017288922721,-124.555516826297,4.14047628657049));
#2293=CARTESIAN_POINT('Ctrl Pts',(154.037191511253,-124.55293487285,4.11454467237461));
#2294=CARTESIAN_POINT('Ctrl Pts',(154.056029976705,-124.550466011317,4.08756199799825));
#2295=CARTESIAN_POINT('Ctrl Pts',(154.074798141632,-124.548006362969,4.06068001633431));
#2296=CARTESIAN_POINT('Ctrl Pts',(154.092509592396,-124.545658964047,4.03275521973554));
#2297=CARTESIAN_POINT('Ctrl Pts',(154.108989827955,-124.543455194507,4.00396585492999));
#2298=CARTESIAN_POINT('Ctrl Pts',(154.125431076515,-124.541256638384,3.97524459661123));
#2299=CARTESIAN_POINT('Ctrl Pts',(154.140646511544,-124.539201032885,3.94566338043657));
#2300=CARTESIAN_POINT('Ctrl Pts',(154.154504234683,-124.537319535785,3.91543049693161));
#2301=CARTESIAN_POINT('Ctrl Pts',(154.160138648192,-124.536554537627,3.90313810477387));
#2302=CARTESIAN_POINT('Ctrl Pts',(154.16554912168,-124.535818322292,3.890738297505));
#2303=CARTESIAN_POINT('Ctrl Pts',(154.170728967686,-124.535112984072,3.87824623391928));
#2304=CARTESIAN_POINT('Ctrl Pts',(154.183458976702,-124.533379542211,3.84754569149181));
#2305=CARTESIAN_POINT('Ctrl Pts',(154.194812471708,-124.531836373646,3.81623884641803));
#2306=CARTESIAN_POINT('Ctrl Pts',(154.204711299463,-124.530485831835,3.7845589094301));
#2307=CARTESIAN_POINT('Ctrl Pts',(154.214639658961,-124.529131260875,3.75278445986259));
#2308=CARTESIAN_POINT('Ctrl Pts',(154.223104498716,-124.527970467731,3.7206353475344));
#2309=CARTESIAN_POINT('Ctrl Pts',(154.230078074462,-124.527005826986,3.68835885041348));
#2310=CARTESIAN_POINT('Ctrl Pts',(154.237070793771,-124.526038538151,3.65599374922786));
#2311=CARTESIAN_POINT('Ctrl Pts',(154.242564053102,-124.525268480132,3.62350123949226));
#2312=CARTESIAN_POINT('Ctrl Pts',(154.246582383498,-124.524698047121,3.59113256848223));
#2313=CARTESIAN_POINT('Ctrl Pts',(154.250630953947,-124.524123321301,3.55852030617298));
#2314=CARTESIAN_POINT('Ctrl Pts',(154.253182439246,-124.523751236361,3.52603441804325));
#2315=CARTESIAN_POINT('Ctrl Pts',(154.254314244206,-124.523584240954,3.49392364375073));
#2316=CARTESIAN_POINT('Ctrl Pts',(154.254773919252,-124.523516416882,3.48088206665626));
#2317=CARTESIAN_POINT('Ctrl Pts',(154.255,-124.523482422823,3.46790221562074));
#2318=CARTESIAN_POINT('Ctrl Pts',(154.255,-124.523482422823,3.455));
#2319=CARTESIAN_POINT('',(153.15,-123.5,4.56));
#2320=CARTESIAN_POINT('Origin',(151.0000015,-101.2500015,-3.5));
#2321=CARTESIAN_POINT('',(124.500002999999,-101.249999733333,-3.5));
#2322=CARTESIAN_POINT('',(177.5,-101.250000027608,-3.5));
#2323=CARTESIAN_POINT('Origin',(151.0000015,-101.2500015,-3.5));
#2324=CARTESIAN_POINT('',(163.148230944835,-66.6017686953421,-3.5));
#2325=CARTESIAN_POINT('Origin',(128.50000900908,-101.2499985751,-3.5));
#2326=CARTESIAN_POINT('',(138.851768986867,-66.6017687636171,-3.5));
#2327=CARTESIAN_POINT('Origin',(151.,-78.75000073562,-3.5));
#2328=CARTESIAN_POINT('Origin',(173.50001256954,-101.2500032706,-3.5));
#2329=CARTESIAN_POINT('',(127.500002999999,-101.249999933333,-3.5));
#2330=CARTESIAN_POINT('',(140.973089246708,-68.7230891908956,-3.5));
#2331=CARTESIAN_POINT('Origin',(173.50001256954,-101.2500032706,-3.5));
#2332=CARTESIAN_POINT('',(161.026910696918,-68.7230891345448,-3.5));
#2333=CARTESIAN_POINT('Origin',(151.,-78.75000073562,-3.5));
#2334=CARTESIAN_POINT('',(174.5,-101.250000031664,-3.5));
#2335=CARTESIAN_POINT('Origin',(128.50000900908,-101.2499985751,-3.5));
#2336=CARTESIAN_POINT('Origin',(151.0000015,-101.2500015,-3.5));
#2337=CARTESIAN_POINT('Origin',(151.,-78.75000073562,-10.));
#2338=CARTESIAN_POINT('',(140.97308924672,-68.7230891909072,-12.));
#2339=CARTESIAN_POINT('',(140.97308924672,-68.7230891909072,-10.));
#2340=CARTESIAN_POINT('',(161.026910696918,-68.7230891345448,-12.));
#2341=CARTESIAN_POINT('Origin',(151.,-78.75000073562,-12.));
#2342=CARTESIAN_POINT('',(161.026910696918,-68.7230891345448,-10.));
#2343=CARTESIAN_POINT('Origin',(173.50001256954,-101.2500032706,-10.));
#2344=CARTESIAN_POINT('',(127.500003,-101.249999933333,-12.));
#2345=CARTESIAN_POINT('',(127.500003,-101.249999933333,-10.));
#2346=CARTESIAN_POINT('Origin',(173.50001256954,-101.2500032706,-12.));
#2347=CARTESIAN_POINT('Origin',(173.50001256954,-101.2500032706,-10.));
#2348=CARTESIAN_POINT('',(138.851768855398,-66.6017688950997,-12.));
#2349=CARTESIAN_POINT('',(138.851768986879,-66.6017687636288,-10.));
#2350=CARTESIAN_POINT('',(124.500003,-101.249999726957,-12.));
#2351=CARTESIAN_POINT('Origin',(173.50001256954,-101.2500032706,-12.));
#2352=CARTESIAN_POINT('',(124.500003,-101.249999733333,-10.));
#2353=CARTESIAN_POINT('Origin',(151.,-78.75000073562,-10.));
#2354=CARTESIAN_POINT('',(163.148230922352,-66.601768672859,-12.));
#2355=CARTESIAN_POINT('',(163.148230944834,-66.6017686953422,-10.));
#2356=CARTESIAN_POINT('Origin',(151.,-78.75000073562,-12.));
#2357=CARTESIAN_POINT('Origin',(151.0000015,-101.2500015,-10.));
#2358=CARTESIAN_POINT('',(174.5,-101.250000031664,-12.));
#2359=CARTESIAN_POINT('',(174.5,-101.250000031664,-10.));
#2360=CARTESIAN_POINT('Origin',(151.0000015,-101.2500015,-12.));
#2361=CARTESIAN_POINT('Origin',(128.50000900908,-101.2499985751,-10.));
#2362=CARTESIAN_POINT('Origin',(128.50000900908,-101.2499985751,-12.));
#2363=CARTESIAN_POINT('Origin',(0.999999999999999,-2.28983498828939E-14,
-12.));
#2364=CARTESIAN_POINT('Origin',(151.,-78.75000073562,-12.));
#2365=CARTESIAN_POINT('',(140.973089181858,-68.7230892557561,-15.));
#2366=CARTESIAN_POINT('Origin',(140.973089181099,-68.7230892565146,-12.));
#2367=CARTESIAN_POINT('',(161.026910724367,-68.7230891619922,-15.));
#2368=CARTESIAN_POINT('Origin',(161.0269107251,-68.7230891627253,-12.));
#2369=CARTESIAN_POINT('Origin',(151.,-78.75000073562,-15.));
#2370=CARTESIAN_POINT('Origin',(128.50000900908,-101.2499985751,-12.));
#2371=CARTESIAN_POINT('',(174.499999999998,-101.249999983778,-15.));
#2372=CARTESIAN_POINT('Origin',(128.50000900908,-101.2499985751,-15.));
#2373=CARTESIAN_POINT('',(177.499999999998,-101.249999979564,-12.));
#2374=CARTESIAN_POINT('Origin',(128.50000900908,-101.2499985751,-12.));
#2375=CARTESIAN_POINT('Origin',(174.499999999998,-101.249999982499,-12.));
#2376=CARTESIAN_POINT('Origin',(151.0000015,-101.2500015,-12.));
#2377=CARTESIAN_POINT('Origin',(151.0000015,-101.2500015,-12.));
#2378=CARTESIAN_POINT('',(127.500003,-101.249999931218,-15.));
#2379=CARTESIAN_POINT('Origin',(127.500003,-101.249999930327,-12.));
#2380=CARTESIAN_POINT('Origin',(151.0000015,-101.2500015,-15.));
#2381=CARTESIAN_POINT('Origin',(173.50001256954,-101.2500032706,-12.));
#2382=CARTESIAN_POINT('Origin',(173.50001256954,-101.2500032706,-15.));
#2383=CARTESIAN_POINT('Origin',(0.999999999999999,-2.28983498828939E-14,
-15.));
#2384=CARTESIAN_POINT('Origin',(128.50000900908,-101.2499985751,-10.));
#2385=CARTESIAN_POINT('',(177.499999999998,-101.250000027608,-10.));
#2386=CARTESIAN_POINT('Origin',(151.0000015,-101.2500015,-10.));
#2387=CARTESIAN_POINT('Origin',(146.8,-128.5,4.56));
#2388=CARTESIAN_POINT('',(146.8,-127.41505276882,1.76));
#2389=CARTESIAN_POINT('',(146.8,-127.41505276882,1.79));
#2390=CARTESIAN_POINT('',(146.8,-127.41505276882,-10.));
#2391=CARTESIAN_POINT('',(146.8,-124.371634593274,1.76));
#2392=CARTESIAN_POINT('',(146.8,-123.5,1.76));
#2393=CARTESIAN_POINT('',(146.8,-124.371634593274,1.79));
#2394=CARTESIAN_POINT('',(146.8,-124.371634593274,-10.));
#2395=CARTESIAN_POINT('',(146.8,-123.5,1.79));
#2396=CARTESIAN_POINT('Origin',(153.15,-123.5,4.56));
#2397=CARTESIAN_POINT('',(153.15,-124.65144239474,1.76));
#2398=CARTESIAN_POINT('',(153.15,-124.65144239474,1.79));
#2399=CARTESIAN_POINT('',(153.15,-124.65144239474,-10.));
#2400=CARTESIAN_POINT('',(153.15,-127.662639137124,1.76));
#2401=CARTESIAN_POINT('',(153.15,-123.5,1.76));
#2402=CARTESIAN_POINT('',(153.15,-127.662639137124,1.79));
#2403=CARTESIAN_POINT('',(153.15,-127.662639137124,-10.));
#2404=CARTESIAN_POINT('',(153.15,-123.5,1.79));
#2405=CARTESIAN_POINT('Origin',(146.8,-123.5,1.76));
#2406=CARTESIAN_POINT('',(149.68,-124.712898284924,1.76));
#2407=CARTESIAN_POINT('Origin',(151.0000015,-101.2500015,1.76));
#2408=CARTESIAN_POINT('',(149.68,-127.7171040339,1.76));
#2409=CARTESIAN_POINT('',(149.68,-123.025,1.76));
#2410=CARTESIAN_POINT('Origin',(151.0000015,-101.2500015,1.76));
#2411=CARTESIAN_POINT('Origin',(146.8,-123.5,1.76));
#2412=CARTESIAN_POINT('',(149.67,-127.716603407121,1.76));
#2413=CARTESIAN_POINT('Origin',(151.0000015,-101.2500015,1.76));
#2414=CARTESIAN_POINT('',(149.67,-124.712333556085,1.76));
#2415=CARTESIAN_POINT('',(149.67,-123.025,1.76));
#2416=CARTESIAN_POINT('Origin',(151.0000015,-101.2500015,1.76));
#2417=CARTESIAN_POINT('Origin',(151.0000015,-101.2500015,-10.));
#2418=CARTESIAN_POINT('',(149.67,-124.712333556085,1.595));
#2419=CARTESIAN_POINT('',(149.67,-124.712333556085,-10.));
#2420=CARTESIAN_POINT('',(146.8,-124.371634593274,1.595));
#2421=CARTESIAN_POINT('Origin',(151.0000015,-101.2500015,1.595));
#2422=CARTESIAN_POINT('',(145.5,-124.097318913648,2.895));
#2423=CARTESIAN_POINT('Ctrl Pts',(145.5,-124.097318913648,2.895));
#2424=CARTESIAN_POINT('Ctrl Pts',(145.5,-124.097318913648,2.73087236964929));
#2425=CARTESIAN_POINT('Ctrl Pts',(145.532996000138,-124.105339051832,2.55623122041842));
#2426=CARTESIAN_POINT('Ctrl Pts',(145.66607308279,-124.136762112977,2.2360059162494));
#2427=CARTESIAN_POINT('Ctrl Pts',(145.766124396592,-124.160048559147,2.09039797232306));
#2428=CARTESIAN_POINT('Ctrl Pts',(145.996583817174,-124.211487170162,1.85993855174116));
#2429=CARTESIAN_POINT('Ctrl Pts',(146.142863463737,-124.24314884859,1.76002073814828));
#2430=CARTESIAN_POINT('Ctrl Pts',(146.462984112695,-124.308450886788,1.62755112375588));
#2431=CARTESIAN_POINT('Ctrl Pts',(146.636844471682,-124.341997696049,1.595));
#2432=CARTESIAN_POINT('Ctrl Pts',(146.8,-124.371634593274,1.595));
#2433=CARTESIAN_POINT('',(145.5,-124.097318913648,3.455));
#2434=CARTESIAN_POINT('',(145.5,-124.097318913648,-10.));
#2435=CARTESIAN_POINT('',(146.8,-124.371634593274,4.755));
#2436=CARTESIAN_POINT('Ctrl Pts',(146.8,-124.371634593274,4.755));
#2437=CARTESIAN_POINT('Ctrl Pts',(146.636844471682,-124.341997696049,4.75499999999999));
#2438=CARTESIAN_POINT('Ctrl Pts',(146.462984112695,-124.308450886788,4.72244887624413));
#2439=CARTESIAN_POINT('Ctrl Pts',(146.142863463737,-124.24314884859,4.58997926185174));
#2440=CARTESIAN_POINT('Ctrl Pts',(145.996583817174,-124.211487170162,4.49006144825884));
#2441=CARTESIAN_POINT('Ctrl Pts',(145.766124396592,-124.160048559147,4.25960202767694));
#2442=CARTESIAN_POINT('Ctrl Pts',(145.66607308279,-124.136762112977,4.1139940837506));
#2443=CARTESIAN_POINT('Ctrl Pts',(145.532996000138,-124.105339051832,3.79376877958158));
#2444=CARTESIAN_POINT('Ctrl Pts',(145.5,-124.097318913648,3.61912763035071));
#2445=CARTESIAN_POINT('Ctrl Pts',(145.5,-124.097318913648,3.455));
#2446=CARTESIAN_POINT('',(153.15,-124.65144239474,4.755));
#2447=CARTESIAN_POINT('Origin',(151.0000015,-101.2500015,4.755));
#2448=CARTESIAN_POINT('',(154.45,-124.495376090443,3.455));
#2449=CARTESIAN_POINT('Ctrl Pts',(154.45,-124.495376090443,3.455));
#2450=CARTESIAN_POINT('Ctrl Pts',(154.45,-124.495376090443,3.61855524018693));
#2451=CARTESIAN_POINT('Ctrl Pts',(154.417244061973,-124.500310829791,3.79285164539126));
#2452=CARTESIAN_POINT('Ctrl Pts',(154.284433904713,-124.519443573682,4.11311167940195));
#2453=CARTESIAN_POINT('Ctrl Pts',(154.184391327455,-124.533538197469,4.25908630362955));
#2454=CARTESIAN_POINT('Ctrl Pts',(153.953753751768,-124.563921062801,4.48972387931672));
#2455=CARTESIAN_POINT('Ctrl Pts',(153.80761650904,-124.582236478872,4.58971186228567));
#2456=CARTESIAN_POINT('Ctrl Pts',(153.487415732679,-124.61854149681,4.72235200820978));
#2457=CARTESIAN_POINT('Ctrl Pts',(153.313339653555,-124.636435626066,4.755));
#2458=CARTESIAN_POINT('Ctrl Pts',(153.15,-124.65144239474,4.755));
#2459=CARTESIAN_POINT('',(154.45,-124.495376090443,2.895));
#2460=CARTESIAN_POINT('',(154.45,-124.495376090443,-10.));
#2461=CARTESIAN_POINT('',(153.15,-124.65144239474,1.595));
#2462=CARTESIAN_POINT('Ctrl Pts',(153.15,-124.65144239474,1.595));
#2463=CARTESIAN_POINT('Ctrl Pts',(153.313628582562,-124.636409080823,1.595));
#2464=CARTESIAN_POINT('Ctrl Pts',(153.48799256156,-124.618481621956,1.62776258641804));
#2465=CARTESIAN_POINT('Ctrl Pts',(153.808633245157,-124.582115644535,1.76083428178904));
#2466=CARTESIAN_POINT('Ctrl Pts',(153.95492257365,-124.563773212605,1.86113921402657));
#2467=CARTESIAN_POINT('Ctrl Pts',(154.18525533843,-124.5334182284,2.09208471071836));
#2468=CARTESIAN_POINT('Ctrl Pts',(154.284981083569,-124.519365706187,2.2379078443353));
#2469=CARTESIAN_POINT('Ctrl Pts',(154.417359231631,-124.500293273982,2.55772752940014));
#2470=CARTESIAN_POINT('Ctrl Pts',(154.45,-124.495376090443,2.73173501420264));
#2471=CARTESIAN_POINT('Ctrl Pts',(154.45,-124.495376090443,2.895));
#2472=CARTESIAN_POINT('',(149.68,-124.712898284924,1.595));
#2473=CARTESIAN_POINT('Origin',(151.0000015,-101.2500015,1.595));
#2474=CARTESIAN_POINT('',(149.68,-124.712898284924,-10.));
#2475=CARTESIAN_POINT('',(154.255,-124.523482422823,2.895));
#2476=CARTESIAN_POINT('Ctrl Pts',(154.255,-124.523482422823,2.895));
#2477=CARTESIAN_POINT('Ctrl Pts',(154.255,-124.523482422823,2.75600523718826));
#2478=CARTESIAN_POINT('Ctrl Pts',(154.227168385803,-124.527427643549,2.60786685402786));
#2479=CARTESIAN_POINT('Ctrl Pts',(154.114289549569,-124.542798324595,2.33564067813352));
#2480=CARTESIAN_POINT('Ctrl Pts',(154.029251059622,-124.554149459499,2.21154507320006));
#2481=CARTESIAN_POINT('Ctrl Pts',(153.833178574063,-124.578799748544,2.01547258764076));
#2482=CARTESIAN_POINT('Ctrl Pts',(153.708941845571,-124.593744074742,1.9304755367249));
#2483=CARTESIAN_POINT('Ctrl Pts',(153.436758113408,-124.623723762365,1.81773809360227));
#2484=CARTESIAN_POINT('Ctrl Pts',(153.288802544483,-124.638689963649,1.79));
#2485=CARTESIAN_POINT('Ctrl Pts',(153.15,-124.65144239474,1.79));
#2486=CARTESIAN_POINT('',(154.255,-124.523482422823,3.455));
#2487=CARTESIAN_POINT('',(154.255,-124.523482422823,-10.));
#2488=CARTESIAN_POINT('',(153.15,-124.65144239474,4.56));
#2489=CARTESIAN_POINT('Ctrl Pts',(153.15,-124.65144239474,4.56));
#2490=CARTESIAN_POINT('Ctrl Pts',(153.288802544483,-124.638689963649,4.56));
#2491=CARTESIAN_POINT('Ctrl Pts',(153.436758113408,-124.623723762365,4.53226190639773));
#2492=CARTESIAN_POINT('Ctrl Pts',(153.708941845571,-124.593744074742,4.4195244632751));
#2493=CARTESIAN_POINT('Ctrl Pts',(153.833178574063,-124.578799748544,4.33452741235923));
#2494=CARTESIAN_POINT('Ctrl Pts',(154.029251059622,-124.554149459499,4.13845492679994));
#2495=CARTESIAN_POINT('Ctrl Pts',(154.114289549569,-124.542798324595,4.01435932186648));
#2496=CARTESIAN_POINT('Ctrl Pts',(154.227168385803,-124.527427643549,3.74213314597214));
#2497=CARTESIAN_POINT('Ctrl Pts',(154.255,-124.523482422823,3.59399476281174));
#2498=CARTESIAN_POINT('Ctrl Pts',(154.255,-124.523482422823,3.455));
#2499=CARTESIAN_POINT('',(146.8,-124.371634593274,4.56));
#2500=CARTESIAN_POINT('Origin',(151.0000015,-101.2500015,4.56));
#2501=CARTESIAN_POINT('',(145.695,-124.143382390227,3.455));
#2502=CARTESIAN_POINT('Ctrl Pts',(145.695,-124.143382390227,3.455));
#2503=CARTESIAN_POINT('Ctrl Pts',(145.695,-124.143382390227,3.59446087694627));
#2504=CARTESIAN_POINT('Ctrl Pts',(145.723027431781,-124.149932460435,3.74288213708676));
#2505=CARTESIAN_POINT('Ctrl Pts',(145.83612565032,-124.175700606067,4.01508240091063));
#2506=CARTESIAN_POINT('Ctrl Pts',(145.921173057316,-124.194834890442,4.13887904373808));
#2507=CARTESIAN_POINT('Ctrl Pts',(146.117116985111,-124.23733542169,4.33482297153368));
#2508=CARTESIAN_POINT('Ctrl Pts',(146.24149024794,-124.263600924163,4.41976630475571));
#2509=CARTESIAN_POINT('Ctrl Pts',(146.513616479405,-124.318194694048,4.53235400458502));
#2510=CARTESIAN_POINT('Ctrl Pts',(146.661382410767,-124.346454966889,4.56));
#2511=CARTESIAN_POINT('Ctrl Pts',(146.8,-124.371634593274,4.56));
#2512=CARTESIAN_POINT('',(145.695,-124.143382390227,2.895));
#2513=CARTESIAN_POINT('',(145.695,-124.143382390227,-10.));
#2514=CARTESIAN_POINT('Ctrl Pts',(146.8,-124.371634593274,1.79));
#2515=CARTESIAN_POINT('Ctrl Pts',(146.661382410767,-124.346454966889,1.79000000000001));
#2516=CARTESIAN_POINT('Ctrl Pts',(146.513616479405,-124.318194694048,1.81764599541498));
#2517=CARTESIAN_POINT('Ctrl Pts',(146.24149024794,-124.263600924163,1.93023369524429));
#2518=CARTESIAN_POINT('Ctrl Pts',(146.117116985111,-124.23733542169,2.01517702846632));
#2519=CARTESIAN_POINT('Ctrl Pts',(145.921173057316,-124.194834890442,2.21112095626192));
#2520=CARTESIAN_POINT('Ctrl Pts',(145.83612565032,-124.175700606067,2.33491759908936));
#2521=CARTESIAN_POINT('Ctrl Pts',(145.723027431781,-124.149932460435,2.60711786291324));
#2522=CARTESIAN_POINT('Ctrl Pts',(145.695,-124.143382390227,2.75553912305373));
#2523=CARTESIAN_POINT('Ctrl Pts',(145.695,-124.143382390227,2.895));
#2524=CARTESIAN_POINT('Origin',(149.67,-122.55,1.595));
#2525=CARTESIAN_POINT('',(149.67,-127.716603407121,1.595));
#2526=CARTESIAN_POINT('',(149.67,-127.716603407121,-10.));
#2527=CARTESIAN_POINT('',(149.67,-123.5,1.595));
#2528=CARTESIAN_POINT('Origin',(149.975,-120.601647472698,1.595));
#2529=CARTESIAN_POINT('',(146.8,-127.41505276882,1.595));
#2530=CARTESIAN_POINT('Origin',(151.0000015,-101.2500015,1.595));
#2531=CARTESIAN_POINT('',(146.8,-123.5,1.595));
#2532=CARTESIAN_POINT('Origin',(146.8,-116.2,2.895));
#2533=CARTESIAN_POINT('',(145.5,-127.172962441991,2.895));
#2534=CARTESIAN_POINT('Ctrl Pts',(146.8,-127.41505276882,1.595));
#2535=CARTESIAN_POINT('Ctrl Pts',(146.636119630067,-127.388746770316,1.59500000000001));
#2536=CARTESIAN_POINT('Ctrl Pts',(146.461496873562,-127.358975695535,1.62784724839926));
#2537=CARTESIAN_POINT('Ctrl Pts',(146.140251201342,-127.301093316337,1.76142513397253));
#2538=CARTESIAN_POINT('Ctrl Pts',(145.99361289829,-127.273067034193,1.86215559379718));
#2539=CARTESIAN_POINT('Ctrl Pts',(145.763814276075,-127.227794865868,2.09346905826077));
#2540=CARTESIAN_POINT('Ctrl Pts',(145.664545251661,-127.207415977015,2.23883094836743));
#2541=CARTESIAN_POINT('Ctrl Pts',(145.53262654643,-127.179950802841,2.55798395704575));
#2542=CARTESIAN_POINT('Ctrl Pts',(145.5,-127.172962441991,2.73179305683285));
#2543=CARTESIAN_POINT('Ctrl Pts',(145.5,-127.172962441991,2.895));
#2544=CARTESIAN_POINT('',(145.5,-123.5,2.895));
#2545=CARTESIAN_POINT('Origin',(146.8,-116.2,3.455));
#2546=CARTESIAN_POINT('',(145.5,-127.172962441991,3.455));
#2547=CARTESIAN_POINT('',(146.8,-127.41505276882,4.755));
#2548=CARTESIAN_POINT('Ctrl Pts',(145.5,-127.172962441991,3.455));
#2549=CARTESIAN_POINT('Ctrl Pts',(145.5,-127.172962441991,3.61892871521337));
#2550=CARTESIAN_POINT('Ctrl Pts',(145.532913193718,-127.180012665143,3.79345416533399));
#2551=CARTESIAN_POINT('Ctrl Pts',(145.665901445321,-127.207696123329,4.11369620562534));
#2552=CARTESIAN_POINT('Ctrl Pts',(145.765953361556,-127.228229930205,4.25943099264108));
#2553=CARTESIAN_POINT('Ctrl Pts',(145.996499340039,-127.273621563735,4.48997697112377));
#2554=CARTESIAN_POINT('Ctrl Pts',(146.142760379956,-127.301557802857,4.58992347362251));
#2555=CARTESIAN_POINT('Ctrl Pts',(146.462918988339,-127.359219400588,4.72243505111213));
#2556=CARTESIAN_POINT('Ctrl Pts',(146.636831676464,-127.388861067663,4.755));
#2557=CARTESIAN_POINT('Ctrl Pts',(146.8,-127.41505276882,4.755));
#2558=CARTESIAN_POINT('',(146.8,-123.5,4.755));
#2559=CARTESIAN_POINT('',(145.5,-123.5,3.455));
#2560=CARTESIAN_POINT('Origin',(149.975,-119.527326366454,4.755));
#2561=CARTESIAN_POINT('',(153.15,-127.662639137124,4.755));
#2562=CARTESIAN_POINT('Origin',(151.0000015,-101.2500015,4.755));
#2563=CARTESIAN_POINT('',(153.15,-123.5,4.755));
#2564=CARTESIAN_POINT('Origin',(153.15,-123.5,3.455));
#2565=CARTESIAN_POINT('',(154.45,-127.524464974065,3.455));
#2566=CARTESIAN_POINT('Ctrl Pts',(153.15,-127.662639137124,4.755));
#2567=CARTESIAN_POINT('Ctrl Pts',(153.313315854502,-127.649345165994,4.755));
#2568=CARTESIAN_POINT('Ctrl Pts',(153.487399120678,-127.633493826414,4.72235784408815));
#2569=CARTESIAN_POINT('Ctrl Pts',(153.807619736896,-127.601341012401,4.58971157061919));
#2570=CARTESIAN_POINT('Ctrl Pts',(153.953766951876,-127.585124533736,4.48971067920947));
#2571=CARTESIAN_POINT('Ctrl Pts',(154.184449194717,-127.558225827885,4.25902843636839));
#2572=CARTESIAN_POINT('Ctrl Pts',(154.284493132787,-127.545752382169,4.11300895054322));
#2573=CARTESIAN_POINT('Ctrl Pts',(154.417273099958,-127.528826712862,3.7927415017507));
#2574=CARTESIAN_POINT('Ctrl Pts',(154.45,-127.524464974065,3.6184849784819));
#2575=CARTESIAN_POINT('Ctrl Pts',(154.45,-127.524464974065,3.455));
#2576=CARTESIAN_POINT('',(154.45,-123.5,3.455));
#2577=CARTESIAN_POINT('Origin',(153.15,-123.5,2.895));
#2578=CARTESIAN_POINT('',(154.45,-127.524464974065,2.895));
#2579=CARTESIAN_POINT('',(153.15,-127.662639137124,1.595));
#2580=CARTESIAN_POINT('Ctrl Pts',(154.45,-127.524464974065,2.895));
#2581=CARTESIAN_POINT('Ctrl Pts',(154.45,-127.524464974065,2.7315150215181));
#2582=CARTESIAN_POINT('Ctrl Pts',(154.417273099958,-127.528826712862,2.5572584982493));
#2583=CARTESIAN_POINT('Ctrl Pts',(154.284493132787,-127.545752382169,2.23699104945678));
#2584=CARTESIAN_POINT('Ctrl Pts',(154.184449194717,-127.558225827885,2.09097156363161));
#2585=CARTESIAN_POINT('Ctrl Pts',(153.953766951876,-127.585124533736,1.86028932079054));
#2586=CARTESIAN_POINT('Ctrl Pts',(153.807619736896,-127.601341012401,1.76028842938081));
#2587=CARTESIAN_POINT('Ctrl Pts',(153.487399120678,-127.633493826414,1.62764215591185));
#2588=CARTESIAN_POINT('Ctrl Pts',(153.313315854502,-127.649345165994,1.595));
#2589=CARTESIAN_POINT('Ctrl Pts',(153.15,-127.662639137124,1.595));
#2590=CARTESIAN_POINT('',(153.15,-123.5,1.595));
#2591=CARTESIAN_POINT('',(154.45,-123.5,2.895));
#2592=CARTESIAN_POINT('Origin',(154.45,-119.449263969854,2.494827015978));
#2593=CARTESIAN_POINT('',(154.45,-127.524464974065,-10.));
#2594=CARTESIAN_POINT('Origin',(145.5,-119.449263969854,2.494827015978));
#2595=CARTESIAN_POINT('',(145.5,-127.172962441991,-10.));
#2596=CARTESIAN_POINT('Origin',(153.15,-123.5,2.895));
#2597=CARTESIAN_POINT('',(154.255,-127.549334291252,2.895));
#2598=CARTESIAN_POINT('Ctrl Pts',(153.15,-127.662639137124,1.79));
#2599=CARTESIAN_POINT('Ctrl Pts',(153.288790146594,-127.651341567714,1.79));
#2600=CARTESIAN_POINT('Ctrl Pts',(153.436753827774,-127.638083237124,1.8177358899566));
#2601=CARTESIAN_POINT('Ctrl Pts',(153.708951621367,-127.611530456273,1.93048001438224));
#2602=CARTESIAN_POINT('Ctrl Pts',(153.833192465908,-127.598297541707,2.01548647948624));
#2603=CARTESIAN_POINT('Ctrl Pts',(154.029296267109,-127.576471172798,2.21159028068626));
#2604=CARTESIAN_POINT('Ctrl Pts',(154.114335385486,-127.566423659401,2.3357202670755));
#2605=CARTESIAN_POINT('Ctrl Pts',(154.227190675035,-127.552822657781,2.60795157894823));
#2606=CARTESIAN_POINT('Ctrl Pts',(154.255,-127.549334291252,2.75605899215751));
#2607=CARTESIAN_POINT('Ctrl Pts',(154.255,-127.549334291252,2.895));
#2608=CARTESIAN_POINT('',(154.255,-123.5,2.895));
#2609=CARTESIAN_POINT('Origin',(154.255,-123.5,3.455));
#2610=CARTESIAN_POINT('',(154.255,-127.549334291252,3.455));
#2611=CARTESIAN_POINT('',(154.255,-127.549334291252,-10.));
#2612=CARTESIAN_POINT('',(154.255,-123.5,3.455));
#2613=CARTESIAN_POINT('Origin',(153.15,-123.5,3.455));
#2614=CARTESIAN_POINT('',(153.15,-127.662639137124,4.56));
#2615=CARTESIAN_POINT('Ctrl Pts',(154.255,-127.549334291252,3.455));
#2616=CARTESIAN_POINT('Ctrl Pts',(154.255,-127.549334291252,3.59394100784249));
#2617=CARTESIAN_POINT('Ctrl Pts',(154.227190675035,-127.552822657781,3.74204842105177));
#2618=CARTESIAN_POINT('Ctrl Pts',(154.114335385486,-127.566423659401,4.0142797329245));
#2619=CARTESIAN_POINT('Ctrl Pts',(154.029296267109,-127.576471172798,4.13840971931374));
#2620=CARTESIAN_POINT('Ctrl Pts',(153.833192465908,-127.598297541707,4.33451352051376));
#2621=CARTESIAN_POINT('Ctrl Pts',(153.708951621367,-127.611530456273,4.41951998561776));
#2622=CARTESIAN_POINT('Ctrl Pts',(153.436753827774,-127.638083237124,4.5322641100434));
#2623=CARTESIAN_POINT('Ctrl Pts',(153.288790146594,-127.651341567714,4.56));
#2624=CARTESIAN_POINT('Ctrl Pts',(153.15,-127.662639137124,4.56));
#2625=CARTESIAN_POINT('',(153.15,-123.5,4.56));
#2626=CARTESIAN_POINT('Origin',(146.8,-123.5,4.56));
#2627=CARTESIAN_POINT('',(146.8,-127.41505276882,4.56));
#2628=CARTESIAN_POINT('Origin',(151.0000015,-101.2500015,4.56));
#2629=CARTESIAN_POINT('',(146.8,-123.5,4.56));
#2630=CARTESIAN_POINT('Origin',(146.8,-123.5,3.455));
#2631=CARTESIAN_POINT('',(145.695,-127.213569813793,3.455));
#2632=CARTESIAN_POINT('Ctrl Pts',(146.8,-127.41505276882,4.56));
#2633=CARTESIAN_POINT('Ctrl Pts',(146.661357170715,-127.392797888256,4.55999999999999));
#2634=CARTESIAN_POINT('Ctrl Pts',(146.513543168945,-127.367825109807,4.53233722935909));
#2635=CARTESIAN_POINT('Ctrl Pts',(146.241389808429,-127.319612798193,4.41971118516707));
#2636=CARTESIAN_POINT('Ctrl Pts',(146.117040345201,-127.296434014367,4.33474633162281));
#2637=CARTESIAN_POINT('Ctrl Pts',(145.921034901061,-127.258921045358,4.13874088748289));
#2638=CARTESIAN_POINT('Ctrl Pts',(145.835987960119,-127.242042731019,4.01484321971829));
#2639=CARTESIAN_POINT('Ctrl Pts',(145.722961424811,-127.219331319091,3.74263090184644));
#2640=CARTESIAN_POINT('Ctrl Pts',(145.695,-127.213569813793,3.59430273951277));
#2641=CARTESIAN_POINT('Ctrl Pts',(145.695,-127.213569813793,3.455));
#2642=CARTESIAN_POINT('',(145.695,-123.5,3.455));
#2643=CARTESIAN_POINT('Origin',(145.695,-123.5,2.895));
#2644=CARTESIAN_POINT('',(145.695,-127.213569813793,2.895));
#2645=CARTESIAN_POINT('',(145.695,-127.213569813793,-10.));
#2646=CARTESIAN_POINT('',(145.695,-123.5,2.895));
#2647=CARTESIAN_POINT('Origin',(146.8,-123.5,2.895));
#2648=CARTESIAN_POINT('Ctrl Pts',(145.695,-127.213569813793,2.895));
#2649=CARTESIAN_POINT('Ctrl Pts',(145.695,-127.213569813793,2.75569726048723));
#2650=CARTESIAN_POINT('Ctrl Pts',(145.722961424811,-127.219331319091,2.60736909815356));
#2651=CARTESIAN_POINT('Ctrl Pts',(145.835987960119,-127.242042731019,2.33515678028171));
#2652=CARTESIAN_POINT('Ctrl Pts',(145.921034901061,-127.258921045358,2.21125911251711));
#2653=CARTESIAN_POINT('Ctrl Pts',(146.117040345201,-127.296434014367,2.01525366837719));
#2654=CARTESIAN_POINT('Ctrl Pts',(146.241389808429,-127.319612798193,1.93028881483291));
#2655=CARTESIAN_POINT('Ctrl Pts',(146.513543168945,-127.367825109807,1.8176627706409));
#2656=CARTESIAN_POINT('Ctrl Pts',(146.661357170715,-127.392797888256,1.79));
#2657=CARTESIAN_POINT('Ctrl Pts',(146.8,-127.41505276882,1.79));
#2658=CARTESIAN_POINT('Origin',(149.975,-120.601647472698,1.595));
#2659=CARTESIAN_POINT('',(149.68,-127.7171040339,1.595));
#2660=CARTESIAN_POINT('Origin',(151.0000015,-101.2500015,1.595));
#2661=CARTESIAN_POINT('',(149.68,-122.55,1.595));
#2662=CARTESIAN_POINT('Origin',(149.68,-122.55,1.595));
#2663=CARTESIAN_POINT('',(149.68,-127.7171040339,-10.));
#2664=CARTESIAN_POINT('Origin',(151.0000015,-101.2500015,-10.));
#2665=CARTESIAN_POINT('Origin',(173.50001256954,-101.2500032706,-10.));
#2666=CARTESIAN_POINT('',(138.851768986867,-66.6017687636171,-3.5));
#2667=CARTESIAN_POINT('',(124.500002999999,-101.249999733333,-3.5));
#2668=CARTESIAN_POINT('Origin',(173.50001256954,-101.2500032706,-3.5));
#2669=CARTESIAN_POINT('',(124.500003000004,-101.249999731336,5.));
#2670=CARTESIAN_POINT('',(124.500003,-101.249999733333,-10.));
#2671=CARTESIAN_POINT('',(138.851768985863,-66.6017687646431,5.));
#2672=CARTESIAN_POINT('Origin',(173.50001256954,-101.2500032706,5.));
#2673=CARTESIAN_POINT('',(138.851768986879,-66.6017687636288,-10.));
#2674=CARTESIAN_POINT('Origin',(151.,-78.75000073562,-10.));
#2675=CARTESIAN_POINT('',(163.148230944835,-66.6017686953421,-3.5));
#2676=CARTESIAN_POINT('Origin',(151.,-78.75000073562,-3.5));
#2677=CARTESIAN_POINT('',(163.148230943504,-66.6017686940093,5.));
#2678=CARTESIAN_POINT('Origin',(151.,-78.75000073562,5.));
#2679=CARTESIAN_POINT('',(163.148230944834,-66.6017686953422,-10.));
#2680=CARTESIAN_POINT('Origin',(151.,-78.75000073562,-10.));
#2681=CARTESIAN_POINT('',(140.973089246708,-68.7230891908956,-3.5));
#2682=CARTESIAN_POINT('',(161.026910696918,-68.7230891345448,-3.5));
#2683=CARTESIAN_POINT('Origin',(151.,-78.75000073562,-3.5));
#2684=CARTESIAN_POINT('',(161.026910697896,-68.7230891355218,5.));
#2685=CARTESIAN_POINT('',(161.026910696918,-68.7230891345448,-10.));
#2686=CARTESIAN_POINT('',(140.973089246718,-68.7230891909057,5.));
#2687=CARTESIAN_POINT('Origin',(151.,-78.75000073562,5.));
#2688=CARTESIAN_POINT('',(140.97308924672,-68.7230891909072,-10.));
#2689=CARTESIAN_POINT('Origin',(173.50001256954,-101.2500032706,-10.));
#2690=CARTESIAN_POINT('',(127.500002999999,-101.249999933333,-3.5));
#2691=CARTESIAN_POINT('Origin',(173.50001256954,-101.2500032706,-3.5));
#2692=CARTESIAN_POINT('',(127.500003000014,-101.249999933333,5.));
#2693=CARTESIAN_POINT('Origin',(173.50001256954,-101.2500032706,5.));
#2694=CARTESIAN_POINT('',(127.500002999999,-101.249999933333,-10.));
#2695=CARTESIAN_POINT('Origin',(151.0000015,-94.659903499999,5.));
#2696=CARTESIAN_POINT('',(177.5,-101.250000027608,5.));
#2697=CARTESIAN_POINT('Origin',(151.0000015,-101.2500015,5.));
#2698=CARTESIAN_POINT('Origin',(128.50000900908,-101.2499985751,5.));
#2699=CARTESIAN_POINT('',(174.499999999999,-101.25000003325,5.));
#2700=CARTESIAN_POINT('Origin',(151.0000015,-101.2500015,5.));
#2701=CARTESIAN_POINT('Origin',(128.50000900908,-101.2499985751,5.));
#2702=CARTESIAN_POINT('Origin',(128.50000900908,-101.2499985751,-10.));
#2703=CARTESIAN_POINT('',(177.5,-101.250000027608,-3.5));
#2704=CARTESIAN_POINT('Origin',(128.50000900908,-101.2499985751,-3.5));
#2705=CARTESIAN_POINT('',(177.499999999998,-101.250000027608,-10.));
#2706=CARTESIAN_POINT('Origin',(151.0000015,-101.2500015,-10.));
#2707=CARTESIAN_POINT('',(174.5,-101.250000031664,-3.5));
#2708=CARTESIAN_POINT('Origin',(151.0000015,-101.2500015,-3.5));
#2709=CARTESIAN_POINT('',(174.499999999996,-101.250000031664,-10.));
#2710=CARTESIAN_POINT('',(153.15,-124.65144239474,1.595));
#2711=CARTESIAN_POINT('',(154.45,-124.495376090443,2.895));
#2712=CARTESIAN_POINT('Ctrl Pts',(153.15,-124.65144239474,1.595));
#2713=CARTESIAN_POINT('Ctrl Pts',(153.313339653555,-124.636435626066,1.595));
#2714=CARTESIAN_POINT('Ctrl Pts',(153.487415732679,-124.61854149681,1.62764799179022));
#2715=CARTESIAN_POINT('Ctrl Pts',(153.80761650904,-124.582236478872,1.76028813771433));
#2716=CARTESIAN_POINT('Ctrl Pts',(153.953753751768,-124.563921062801,1.86027612068328));
#2717=CARTESIAN_POINT('Ctrl Pts',(154.184391327455,-124.533538197469,2.09091369637045));
#2718=CARTESIAN_POINT('Ctrl Pts',(154.284433904713,-124.519443573682,2.23688832059805));
#2719=CARTESIAN_POINT('Ctrl Pts',(154.417244061973,-124.500310829791,2.55714835460874));
#2720=CARTESIAN_POINT('Ctrl Pts',(154.45,-124.495376090443,2.73144475981307));
#2721=CARTESIAN_POINT('Ctrl Pts',(154.45,-124.495376090443,2.895));
#2722=CARTESIAN_POINT('',(154.45,-124.495376090443,3.455));
#2723=CARTESIAN_POINT('',(154.45,-124.495376090443,-10.));
#2724=CARTESIAN_POINT('',(153.15,-124.65144239474,4.755));
#2725=CARTESIAN_POINT('Ctrl Pts',(154.45,-124.495376090443,3.455));
#2726=CARTESIAN_POINT('Ctrl Pts',(154.45,-124.495376090443,3.61855524018693));
#2727=CARTESIAN_POINT('Ctrl Pts',(154.417244061973,-124.500310829791,3.79285164539125));
#2728=CARTESIAN_POINT('Ctrl Pts',(154.284433904713,-124.519443573682,4.11311167940195));
#2729=CARTESIAN_POINT('Ctrl Pts',(154.184391327456,-124.533538197469,4.25908630362955));
#2730=CARTESIAN_POINT('Ctrl Pts',(153.953753751768,-124.563921062801,4.48972387931672));
#2731=CARTESIAN_POINT('Ctrl Pts',(153.80761650904,-124.582236478872,4.58971186228566));
#2732=CARTESIAN_POINT('Ctrl Pts',(153.487415732679,-124.61854149681,4.72235200820978));
#2733=CARTESIAN_POINT('Ctrl Pts',(153.313339653555,-124.636435626066,4.755));
#2734=CARTESIAN_POINT('Ctrl Pts',(153.15,-124.65144239474,4.755));
#2735=CARTESIAN_POINT('',(146.8,-124.371634593274,4.755));
#2736=CARTESIAN_POINT('Origin',(151.0000015,-101.2500015,4.755));
#2737=CARTESIAN_POINT('',(145.5,-124.097318913648,3.455));
#2738=CARTESIAN_POINT('Ctrl Pts',(146.8,-124.371634593274,4.755));
#2739=CARTESIAN_POINT('Ctrl Pts',(146.636844471682,-124.341997696049,4.75499999999999));
#2740=CARTESIAN_POINT('Ctrl Pts',(146.462984112695,-124.308450886788,4.72244887624413));
#2741=CARTESIAN_POINT('Ctrl Pts',(146.142863463737,-124.24314884859,4.58997926185173));
#2742=CARTESIAN_POINT('Ctrl Pts',(145.996583817174,-124.211487170162,4.49006144825884));
#2743=CARTESIAN_POINT('Ctrl Pts',(145.766124396592,-124.160048559147,4.25960202767694));
#2744=CARTESIAN_POINT('Ctrl Pts',(145.66607308279,-124.136762112977,4.11399408375059));
#2745=CARTESIAN_POINT('Ctrl Pts',(145.532996000138,-124.105339051832,3.79376877958158));
#2746=CARTESIAN_POINT('Ctrl Pts',(145.5,-124.097318913648,3.61912763035071));
#2747=CARTESIAN_POINT('Ctrl Pts',(145.5,-124.097318913648,3.455));
#2748=CARTESIAN_POINT('',(145.5,-124.097318913648,2.895));
#2749=CARTESIAN_POINT('',(145.5,-124.097318913648,-10.));
#2750=CARTESIAN_POINT('',(146.8,-124.371634593274,1.595));
#2751=CARTESIAN_POINT('Ctrl Pts',(145.5,-124.097318913648,2.895));
#2752=CARTESIAN_POINT('Ctrl Pts',(145.5,-124.097318913648,2.7317971271512));
#2753=CARTESIAN_POINT('Ctrl Pts',(145.532628570071,-124.10524907121,2.55807223349449));
#2754=CARTESIAN_POINT('Ctrl Pts',(145.664338507305,-124.136355702826,2.23923810060562));
#2755=CARTESIAN_POINT('Ctrl Pts',(145.763390117903,-124.159417920703,2.09410543308622));
#2756=CARTESIAN_POINT('Ctrl Pts',(145.99289854123,-124.21068471829,1.8626622400683));
#2757=CARTESIAN_POINT('Ctrl Pts',(146.139660564769,-124.242477095173,1.76174297134959));
#2758=CARTESIAN_POINT('Ctrl Pts',(146.461169194804,-124.30809876116,1.62791146381076));
#2759=CARTESIAN_POINT('Ctrl Pts',(146.635935598257,-124.341832600887,1.595));
#2760=CARTESIAN_POINT('Ctrl Pts',(146.8,-124.371634593274,1.595));
#2761=CARTESIAN_POINT('',(149.67,-124.712333556085,1.595));
#2762=CARTESIAN_POINT('Origin',(151.0000015,-101.2500015,1.595));
#2763=CARTESIAN_POINT('',(149.67,-124.712333556085,1.76));
#2764=CARTESIAN_POINT('',(149.67,-124.712333556085,-10.));
#2765=CARTESIAN_POINT('',(149.68,-124.712898284924,1.76));
#2766=CARTESIAN_POINT('Origin',(151.0000015,-101.2500015,1.76));
#2767=CARTESIAN_POINT('',(149.68,-124.712898284924,1.595));
#2768=CARTESIAN_POINT('',(149.68,-124.712898284924,-10.));
#2769=CARTESIAN_POINT('Origin',(151.0000015,-101.2500015,1.595));
#2770=CARTESIAN_POINT('Origin',(128.50000900908,-101.2499985751,-10.));
#2771=CARTESIAN_POINT('Origin',(128.50000900908,-101.2499985751,-3.5));
#2772=CARTESIAN_POINT('Origin',(151.0000015,-101.2500015,-3.5));
#2773=CARTESIAN_POINT('Origin',(151.0000015,-101.2500015,-3.5));
#2774=CARTESIAN_POINT('Origin',(149.67,-122.55,1.595));
#2775=CARTESIAN_POINT('',(149.67,-127.716603407121,1.76));
#2776=CARTESIAN_POINT('',(149.67,-123.025,1.76));
#2777=CARTESIAN_POINT('',(149.67,-127.716603407121,1.595));
#2778=CARTESIAN_POINT('',(149.67,-123.5,1.595));
#2779=CARTESIAN_POINT('',(149.67,-127.716603407121,-10.));
#2780=CARTESIAN_POINT('Origin',(149.975,-120.601647472698,1.595));
#2781=CARTESIAN_POINT('',(146.8,-127.41505276882,1.595));
#2782=CARTESIAN_POINT('Origin',(151.0000015,-101.2500015,1.595));
#2783=CARTESIAN_POINT('',(146.8,-123.5,1.595));
#2784=CARTESIAN_POINT('Origin',(146.8,-116.2,2.895));
#2785=CARTESIAN_POINT('',(145.5,-127.172962441991,2.895));
#2786=CARTESIAN_POINT('',(145.5,-123.5,2.895));
#2787=CARTESIAN_POINT('Ctrl Pts',(146.8,-127.41505276882,1.595));
#2788=CARTESIAN_POINT('Ctrl Pts',(146.636119630067,-127.388746770316,1.59500000000001));
#2789=CARTESIAN_POINT('Ctrl Pts',(146.461496873562,-127.358975695535,1.62784724839926));
#2790=CARTESIAN_POINT('Ctrl Pts',(146.140251201342,-127.301093316337,1.76142513397252));
#2791=CARTESIAN_POINT('Ctrl Pts',(145.99361289829,-127.273067034193,1.86215559379718));
#2792=CARTESIAN_POINT('Ctrl Pts',(145.763814276075,-127.227794865868,2.09346905826077));
#2793=CARTESIAN_POINT('Ctrl Pts',(145.664545251661,-127.207415977015,2.23883094836743));
#2794=CARTESIAN_POINT('Ctrl Pts',(145.53262654643,-127.179950802841,2.55798395704575));
#2795=CARTESIAN_POINT('Ctrl Pts',(145.5,-127.172962441991,2.73179305683285));
#2796=CARTESIAN_POINT('Ctrl Pts',(145.5,-127.172962441991,2.895));
#2797=CARTESIAN_POINT('Origin',(146.8,-116.2,3.455));
#2798=CARTESIAN_POINT('',(145.5,-127.172962441991,3.455));
#2799=CARTESIAN_POINT('',(146.8,-127.41505276882,4.755));
#2800=CARTESIAN_POINT('Ctrl Pts',(145.5,-127.172962441991,3.455));
#2801=CARTESIAN_POINT('Ctrl Pts',(145.5,-127.172962441991,3.61892871521338));
#2802=CARTESIAN_POINT('Ctrl Pts',(145.532913193718,-127.180012665143,3.79345416533399));
#2803=CARTESIAN_POINT('Ctrl Pts',(145.665901445321,-127.207696123329,4.11369620562534));
#2804=CARTESIAN_POINT('Ctrl Pts',(145.765953361556,-127.228229930205,4.25943099264108));
#2805=CARTESIAN_POINT('Ctrl Pts',(145.996499340039,-127.273621563735,4.48997697112377));
#2806=CARTESIAN_POINT('Ctrl Pts',(146.142760379956,-127.301557802857,4.5899234736225));
#2807=CARTESIAN_POINT('Ctrl Pts',(146.462918988339,-127.359219400588,4.72243505111213));
#2808=CARTESIAN_POINT('Ctrl Pts',(146.636831676464,-127.388861067663,4.755));
#2809=CARTESIAN_POINT('Ctrl Pts',(146.8,-127.41505276882,4.755));
#2810=CARTESIAN_POINT('',(145.5,-123.5,3.455));
#2811=CARTESIAN_POINT('',(146.8,-123.5,4.755));
#2812=CARTESIAN_POINT('Origin',(149.975,-119.527326366454,4.755));
#2813=CARTESIAN_POINT('',(153.15,-127.662639137124,4.755));
#2814=CARTESIAN_POINT('Origin',(151.0000015,-101.2500015,4.755));
#2815=CARTESIAN_POINT('',(153.15,-123.5,4.755));
#2816=CARTESIAN_POINT('Origin',(153.15,-123.5,3.455));
#2817=CARTESIAN_POINT('',(154.45,-127.524464974065,3.455));
#2818=CARTESIAN_POINT('Ctrl Pts',(153.15,-127.662639137124,4.755));
#2819=CARTESIAN_POINT('Ctrl Pts',(153.313315854502,-127.649345165994,4.75500000000001));
#2820=CARTESIAN_POINT('Ctrl Pts',(153.487399120678,-127.633493826414,4.72235784408815));
#2821=CARTESIAN_POINT('Ctrl Pts',(153.807619736896,-127.601341012401,4.58971157061919));
#2822=CARTESIAN_POINT('Ctrl Pts',(153.953766951876,-127.585124533736,4.48971067920947));
#2823=CARTESIAN_POINT('Ctrl Pts',(154.184449194717,-127.558225827885,4.25902843636839));
#2824=CARTESIAN_POINT('Ctrl Pts',(154.284493132787,-127.545752382169,4.11300895054321));
#2825=CARTESIAN_POINT('Ctrl Pts',(154.417273099958,-127.528826712862,3.79274150175069));
#2826=CARTESIAN_POINT('Ctrl Pts',(154.45,-127.524464974065,3.6184849784819));
#2827=CARTESIAN_POINT('Ctrl Pts',(154.45,-127.524464974065,3.455));
#2828=CARTESIAN_POINT('',(154.45,-123.5,3.455));
#2829=CARTESIAN_POINT('Origin',(153.15,-123.5,2.895));
#2830=CARTESIAN_POINT('',(154.45,-127.524464974065,2.895));
#2831=CARTESIAN_POINT('',(153.15,-127.662639137124,1.595));
#2832=CARTESIAN_POINT('Ctrl Pts',(154.45,-127.524464974065,2.895));
#2833=CARTESIAN_POINT('Ctrl Pts',(154.45,-127.524464974065,2.7315150215181));
#2834=CARTESIAN_POINT('Ctrl Pts',(154.417273099958,-127.528826712862,2.55725849824931));
#2835=CARTESIAN_POINT('Ctrl Pts',(154.284493132787,-127.545752382169,2.23699104945679));
#2836=CARTESIAN_POINT('Ctrl Pts',(154.184449194717,-127.558225827885,2.09097156363161));
#2837=CARTESIAN_POINT('Ctrl Pts',(153.953766951876,-127.585124533736,1.86028932079054));
#2838=CARTESIAN_POINT('Ctrl Pts',(153.807619736896,-127.601341012401,1.76028842938083));
#2839=CARTESIAN_POINT('Ctrl Pts',(153.487399120678,-127.633493826414,1.62764215591186));
#2840=CARTESIAN_POINT('Ctrl Pts',(153.313315854502,-127.649345165994,1.595));
#2841=CARTESIAN_POINT('Ctrl Pts',(153.15,-127.662639137124,1.595));
#2842=CARTESIAN_POINT('',(154.45,-123.5,2.895));
#2843=CARTESIAN_POINT('',(153.15,-123.5,1.595));
#2844=CARTESIAN_POINT('Origin',(154.45,-119.449263969854,2.494827015978));
#2845=CARTESIAN_POINT('',(154.45,-127.524464974065,-10.));
#2846=CARTESIAN_POINT('Origin',(145.5,-119.449263969854,2.494827015978));
#2847=CARTESIAN_POINT('',(145.5,-127.172962441991,-10.));
#2848=CARTESIAN_POINT('Origin',(149.975,-120.601647472698,1.595));
#2849=CARTESIAN_POINT('',(149.68,-127.7171040339,1.595));
#2850=CARTESIAN_POINT('Origin',(151.0000015,-101.2500015,1.595));
#2851=CARTESIAN_POINT('',(149.68,-122.55,1.595));
#2852=CARTESIAN_POINT('Origin',(151.0000015,-101.2500015,-10.));
#2853=CARTESIAN_POINT('',(149.68,-127.7171040339,1.76));
#2854=CARTESIAN_POINT('Origin',(151.0000015,-101.2500015,1.76));
#2855=CARTESIAN_POINT('',(149.68,-127.7171040339,-10.));
#2856=CARTESIAN_POINT('Origin',(149.68,-122.55,1.595));
#2857=CARTESIAN_POINT('',(149.68,-123.025,1.76));
#2858=CARTESIAN_POINT('Origin',(146.8,-123.5,1.76));
#2859=CARTESIAN_POINT('Origin',(151.0000015,-101.2500015,3.32294901687556));
#2860=CARTESIAN_POINT('',(177.5,-101.250000027608,5.));
#2861=CARTESIAN_POINT('',(174.5,-101.250000034043,5.));
#2862=CARTESIAN_POINT('Origin',(176.,-101.250000110951,3.32294901687556));
#2863=CARTESIAN_POINT('',(127.500003000014,-101.249999933333,5.));
#2864=CARTESIAN_POINT('Origin',(151.0000015,-101.2500015,5.));
#2865=CARTESIAN_POINT('',(124.500002999999,-101.249999726593,5.));
#2866=CARTESIAN_POINT('Origin',(126.000003,-101.249999833333,3.32294901687556));
#2867=CARTESIAN_POINT('Origin',(151.0000015,-101.2500015,5.));
#2868=CARTESIAN_POINT('Origin',(128.50000900908,-101.2499985751,3.32294901687694));
#2869=CARTESIAN_POINT('',(163.148230922091,-66.6017686725931,5.));
#2870=CARTESIAN_POINT('',(161.02691075328,-68.7230891909072,5.));
#2871=CARTESIAN_POINT('Origin',(162.087570872598,-67.6624289666625,3.32294901687694));
#2872=CARTESIAN_POINT('Origin',(128.50000900908,-101.2499985751,5.));
#2873=CARTESIAN_POINT('Origin',(128.50000900908,-101.2499985751,5.));
#2874=CARTESIAN_POINT('Origin',(173.50001256954,-101.2500032706,3.32294901687515));
#2875=CARTESIAN_POINT('',(140.973089246718,-68.7230891909057,5.));
#2876=CARTESIAN_POINT('',(138.851768855154,-66.601768895351,5.));
#2877=CARTESIAN_POINT('Origin',(139.912428924235,-67.6624291698291,3.32294901687515));
#2878=CARTESIAN_POINT('Origin',(173.50001256954,-101.2500032706,5.));
#2879=CARTESIAN_POINT('Origin',(173.50001256954,-101.2500032706,5.));
#2880=CARTESIAN_POINT('Origin',(151.,-78.75000073562,3.32294901687515));
#2881=CARTESIAN_POINT('Origin',(151.,-78.75000073562,5.));
#2882=CARTESIAN_POINT('Origin',(151.,-78.75000073562,5.));
#2883=CARTESIAN_POINT('Origin',(151.0000015,-94.659903499999,5.));
#2884=CARTESIAN_POINT('',(-0.863547225663766,1.31616504456202,-1.12116608000585));
#2885=UNCERTAINTY_MEASURE_WITH_UNIT(LENGTH_MEASURE(0.01),#2891,
'DISTANCE_ACCURACY_VALUE',
'Maximum model space distance between geometric entities at asserted c
onnectivities');
#2886=UNCERTAINTY_MEASURE_WITH_UNIT(LENGTH_MEASURE(0.01),#2891,
'DISTANCE_ACCURACY_VALUE',
'Maximum model space distance between geometric entities at asserted c
onnectivities');
#2887=UNCERTAINTY_MEASURE_WITH_UNIT(LENGTH_MEASURE(0.01),#2891,
'DISTANCE_ACCURACY_VALUE',
'Maximum model space distance between geometric entities at asserted c
onnectivities');
#2888=(
GEOMETRIC_REPRESENTATION_CONTEXT(3)
GLOBAL_UNCERTAINTY_ASSIGNED_CONTEXT((#2885))
GLOBAL_UNIT_ASSIGNED_CONTEXT((#2891,#2893,#2894))
REPRESENTATION_CONTEXT('','3D')
);
#2889=(
GEOMETRIC_REPRESENTATION_CONTEXT(3)
GLOBAL_UNCERTAINTY_ASSIGNED_CONTEXT((#2886))
GLOBAL_UNIT_ASSIGNED_CONTEXT((#2891,#2893,#2894))
REPRESENTATION_CONTEXT('','3D')
);
#2890=(
GEOMETRIC_REPRESENTATION_CONTEXT(3)
GLOBAL_UNCERTAINTY_ASSIGNED_CONTEXT((#2887))
GLOBAL_UNIT_ASSIGNED_CONTEXT((#2891,#2893,#2894))
REPRESENTATION_CONTEXT('','3D')
);
#2891=(
LENGTH_UNIT()
NAMED_UNIT(*)
SI_UNIT(.MILLI.,.METRE.)
);
#2892=(
LENGTH_UNIT()
NAMED_UNIT(*)
SI_UNIT($,.METRE.)
);
#2893=(
NAMED_UNIT(*)
PLANE_ANGLE_UNIT()
SI_UNIT($,.RADIAN.)
);
#2894=(
NAMED_UNIT(*)
SI_UNIT($,.STERADIAN.)
SOLID_ANGLE_UNIT()
);
#2895=SHAPE_DEFINITION_REPRESENTATION(#2897,#2900);
#2896=SHAPE_DEFINITION_REPRESENTATION(#2898,#2901);
#2897=PRODUCT_DEFINITION_SHAPE('',$,#2903);
#2898=PRODUCT_DEFINITION_SHAPE('',$,#2904);
#2899=PRODUCT_DEFINITION_SHAPE($,$,#14);
#2900=SHAPE_REPRESENTATION('',(#1285,#1429),#2888);
#2901=SHAPE_REPRESENTATION('',(#1286,#1269,#1270,#1271,#1272),#2889);
#2902=PRODUCT_DEFINITION_CONTEXT('part definition',#2910,'design');
#2903=PRODUCT_DEFINITION('OpenSeasame 1','(Unsaved)',#2905,#2902);
#2904=PRODUCT_DEFINITION('OpenSeasame_PCB','OpenSeasame_PCB',#2906,#2902);
#2905=PRODUCT_DEFINITION_FORMATION('',$,#2912);
#2906=PRODUCT_DEFINITION_FORMATION('',$,#2913);
#2907=PRODUCT_RELATED_PRODUCT_CATEGORY('(Unsaved)','(Unsaved)',(#2912));
#2908=PRODUCT_RELATED_PRODUCT_CATEGORY('OpenSeasame_PCB',
'OpenSeasame_PCB',(#2913));
#2909=APPLICATION_PROTOCOL_DEFINITION('international standard',
'automotive_design',2009,#2910);
#2910=APPLICATION_CONTEXT(
'Core Data for Automotive Mechanical Design Process');
#2911=PRODUCT_CONTEXT('part definition',#2910,'mechanical');
#2912=PRODUCT('OpenSeasame 1','(Unsaved)','KiCad electronic assembly',(#2911));
#2913=PRODUCT('OpenSeasame_PCB','OpenSeasame_PCB',$,(#2911));
#2914=PRESENTATION_STYLE_ASSIGNMENT((#2917));
#2915=PRESENTATION_STYLE_ASSIGNMENT((#2918));
#2916=PRESENTATION_STYLE_ASSIGNMENT((#2919));
#2917=SURFACE_STYLE_USAGE(.BOTH.,#2920);
#2918=SURFACE_STYLE_USAGE(.BOTH.,#2921);
#2919=SURFACE_STYLE_USAGE(.BOTH.,#2922);
#2920=SURFACE_SIDE_STYLE('',(#2923));
#2921=SURFACE_SIDE_STYLE('',(#2924));
#2922=SURFACE_SIDE_STYLE('',(#2925));
#2923=SURFACE_STYLE_FILL_AREA(#2926);
#2924=SURFACE_STYLE_FILL_AREA(#2927);
#2925=SURFACE_STYLE_FILL_AREA(#2928);
#2926=FILL_AREA_STYLE('Steel - Satin',(#2929));
#2927=FILL_AREA_STYLE('Opaque(160,160,160)',(#2930));
#2928=FILL_AREA_STYLE('Opaque(149,149,149)',(#2931));
#2929=FILL_AREA_STYLE_COLOUR('Steel - Satin',#2932);
#2930=FILL_AREA_STYLE_COLOUR('Opaque(160,160,160)',#2933);
#2931=FILL_AREA_STYLE_COLOUR('Opaque(149,149,149)',#2934);
#2932=COLOUR_RGB('Steel - Satin',0.627450980392157,0.627450980392157,0.627450980392157);
#2933=COLOUR_RGB('Opaque(160,160,160)',0.627450980392157,0.627450980392157,
0.627450980392157);
#2934=COLOUR_RGB('Opaque(149,149,149)',0.584313725490196,0.584313725490196,
0.584313725490196);
ENDSEC;
END-ISO-10303-21;
